1632, <Time>, <Open>, <High>, <Low>, <Close>, <Volume>
2010/4/16,15:15:00,3497.2,3517.4,3432.1,3434.5,58457
2010/4/19,15:15:00,3410.9,3413.6,3181.8,3209.7,123612
2010/4/20,15:15:00,3228.5,3249.8,3180.7,3228.4,153419
2010/4/21,15:15:00,3231.7,3291.9,3220.5,3280.1,121023
2010/4/22,15:15:00,3274.4,3284.2,3222.6,3249.9,140307
2010/4/23,15:15:00,3259.1,3276.2,3234.4,3235.4,121963
2010/4/26,15:15:00,3262.2,3265.2,3223.7,3233,116259
2010/4/27,15:15:00,3218.7,3218.7,3121.6,3155.8,146123
2010/4/28,15:15:00,3114.2,3156.6,3112.6,3146.7,133791
2010/4/29,15:15:00,3161.5,3172.6,3099.6,3100.8,121254
2010/4/30,15:15:00,3118.6,3134.8,3059.8,3125.8,193380
2010/5/4,15:15:00,3095.2,3109.5,3078,3095.5,157571
2010/5/5,15:15:00,3068.1,3101.7,3047.1,3094.1,153710
2010/5/6,15:15:00,3099,3099.6,2976.9,2990.6,181699
2010/5/7,15:15:00,2950.8,2975.4,2884.7,2920.9,256676
2010/5/10,15:15:00,2940.2,2946.7,2889.2,2937.7,218207
2010/5/11,15:15:00,2971,2972.8,2818.2,2820.9,246312
2010/5/12,15:15:00,2826.5,2870.3,2801.6,2854.9,315025
2010/5/13,15:15:00,2866,2925.5,2843.9,2913.7,255153
2010/5/14,15:15:00,2898.7,2910.4,2867.6,2880,228636
2010/5/17,15:15:00,2843.1,2849.6,2714.4,2724.3,221841
2010/5/18,15:15:00,2718.2,2845.6,2716.2,2812,306063
2010/5/19,15:15:00,2786.2,2859.8,2739.8,2789.4,362039
2010/5/20,15:15:00,2809.5,2847.1,2749.1,2770.7,305072
2010/5/21,15:15:00,2703.7,2811.5,2683.7,2810.9,317595
2010/5/24,15:15:00,2822.4,2942.6,2821.9,2914.2,318863
2010/5/25,15:15:00,2888.7,2899.7,2822.8,2824.5,300900
2010/5/26,15:15:00,2862.1,2887.6,2827.3,2850,339998
2010/5/27,15:15:00,2831.9,2917.5,2798.4,2910.9,339829
2010/5/28,15:15:00,2939.8,2951.2,2861,2874,318732
2010/5/31,15:15:00,2858.6,2905.2,2794.9,2800.4,350260
2010/6/1,15:15:00,2790.1,2827.7,2740.2,2771.1,436171
2010/6/2,15:15:00,2769.2,2789,2726.3,2784.9,358266
2010/6/3,15:15:00,2806.6,2814.5,2750.1,2757.5,358036
2010/6/4,15:15:00,2754.1,2775.9,2731.1,2771.2,337663
2010/6/7,15:15:00,2695.3,2724.5,2687.9,2715.2,307258
2010/6/8,15:15:00,2723.9,2734,2691.6,2733,241972
2010/6/9,15:15:00,2730.8,2814.2,2708.8,2799.3,345288
2010/6/10,15:15:00,2783.3,2799.9,2773.1,2781.9,261058
2010/6/11,15:15:00,2800.9,2810,2784,2786.3,215378
2010/6/17,15:15:00,2802.9,2810.2,2765.9,2767.6,190270
2010/6/18,15:15:00,2768.1,2782.8,2715,2727.8,269428
2010/6/21,15:15:00,2746.2,2824.7,2728,2814.2,291232
2010/6/22,15:15:00,2802.4,2823.8,2802.4,2807.9,229511
2010/6/23,15:15:00,2795.5,2810.1,2752.2,2775.9,248831
2010/6/24,15:15:00,2780.4,2818.3,2760.3,2781.6,308163
2010/6/25,15:15:00,2768.6,2781.9,2745.5,2764.8,258764
2010/6/28,15:15:00,2766.3,2773,2740.3,2751.6,217347
2010/6/29,15:15:00,2752.1,2756.3,2608.6,2610,311941
2010/6/30,15:15:00,2593.4,2601.8,2572.5,2588.9,257968
2010/7/1,15:15:00,2585.1,2592.6,2545.1,2554.7,253058
2010/7/2,15:15:00,2559.2,2572.9,2487.5,2556.7,384533
2010/7/5,15:15:00,2543.2,2557.2,2489.9,2541,375716
2010/7/6,15:15:00,2532.3,2593.2,2522.3,2575.2,382806
2010/7/7,15:15:00,2569.3,2591.3,2556.4,2579.5,331217
2010/7/8,15:15:00,2602.9,2609.4,2572.1,2579.5,268482
2010/7/9,15:15:00,2585.2,2675.3,2573,2660.5,350454
2010/7/12,15:15:00,2664.3,2700.5,2657.2,2671,318630
2010/7/13,15:15:00,2660.6,2660.8,2629.7,2637.7,317273
2010/7/14,15:15:00,2655.3,2692.1,2642.6,2657.8,335984
2010/7/15,15:15:00,2652.4,2716.6,2613.2,2616,478480
2010/7/16,15:15:00,2620.1,2633,2592.7,2625.9,381333
2010/7/19,15:15:00,2607.1,2720.5,2600.8,2703.4,391254
2010/7/20,15:15:00,2708.6,2766.5,2706.5,2753.2,402172
2010/7/21,15:15:00,2754.7,2763.8,2740,2751.2,317187
2010/7/22,15:15:00,2745.5,2791.9,2744.4,2790.8,397593
2010/7/23,15:15:00,2800.7,2806.5,2771.5,2790.7,336165
2010/7/26,15:15:00,2798.6,2809.3,2775.4,2803.8,303860
2010/7/27,15:15:00,2806,2806.3,2780.3,2785.4,307294
2010/7/28,15:15:00,2786,2894.8,2782.7,2894.2,368399
2010/7/29,15:15:00,2894.5,2902.2,2869.4,2884.6,284687
2010/7/30,15:15:00,2881.1,2887.4,2862.5,2879.8,250345
2010/8/2,15:15:00,2896,2957.1,2888.7,2934.3,302570
2010/8/3,15:15:00,2937.9,2941.8,2857.5,2865.4,337090
2010/8/4,15:15:00,2870.1,2898.7,2843.8,2882.7,401463
2010/8/5,15:15:00,2883.4,2888.4,2830.9,2855.8,333818
2010/8/6,15:15:00,2861.8,2930.3,2840.3,2928.3,340356
2010/8/9,15:15:00,2924.7,2939.1,2899.9,2921.7,305499
2010/8/10,15:15:00,2921.7,2928.3,2837.5,2846.2,346966
2010/8/11,15:15:00,2849.1,2879.7,2833,2848.8,386328
2010/8/12,15:15:00,2827.3,2875.9,2820.6,2836.1,366922
2010/8/13,15:15:00,2839.4,2870,2818.7,2864.7,329250
2010/8/16,15:15:00,2856.6,2951.4,2852.9,2939.2,316773
2010/8/17,15:15:00,2942.8,2973.9,2941.1,2962.6,253767
2010/8/18,15:15:00,2969.4,2987,2949.3,2964.2,295864
2010/8/19,15:15:00,2968.4,3017.5,2955.2,2986.2,338394
2010/8/20,15:15:00,2975,2982.8,2916.9,2928.2,337115
2010/8/23,15:15:00,2928,2943.1,2902.2,2911.2,258218
2010/8/24,15:15:00,2906,2962.9,2880.9,2919.5,350205
2010/8/25,15:15:00,2917.3,2926.7,2858.3,2861.8,337714
2010/8/26,15:15:00,2874.1,2898.3,2853.4,2871.4,279834
2010/8/27,15:15:00,2866.6,2879.8,2853.6,2878.7,278254
2010/8/30,15:15:00,2893.6,2953.4,2893.6,2936.1,266601
2010/8/31,15:15:00,2920.8,2927,2908.4,2916.2,202762
2010/9/1,15:15:00,2934.7,2961,2877,2896.4,319978
2010/9/2,15:15:00,2931.4,2954.5,2918.4,2935.7,301104
2010/9/3,15:15:00,2940.2,2945.4,2906.8,2939.2,272198
2010/9/6,15:15:00,2964.4,2999.7,2956.5,2998.6,258191
2010/9/7,15:15:00,2998.7,3004,2975.4,3003.1,213412
2010/9/8,15:15:00,2991.3,3004.5,2978.1,3001.9,199484
2010/9/9,15:15:00,3011.6,3013.1,2942.3,2953.5,256338
2010/9/10,15:15:00,2959.9,2960.5,2919.4,2946.6,227948
2010/9/13,15:15:00,2956.8,2989.1,2942.4,2975.2,222682
2010/9/14,15:15:00,2979.9,3002,2965.5,2976.2,248515
2010/9/15,15:15:00,2977,2981.1,2926.8,2929.5,231849
2010/9/16,15:15:00,2934.3,2935.8,2849.3,2881.1,302366
2010/9/17,15:15:00,2882.8,2891.9,2871.6,2883.5,232534
2010/9/20,15:15:00,2886.7,2896.3,2852.7,2878,215963
2010/9/21,15:15:00,2885.9,2891.3,2865.4,2876.9,168230
2010/9/27,15:15:00,2887.5,2919,2884.7,2909.6,163652
2010/9/28,15:15:00,2905.5,2910.4,2895.1,2897.6,124338
2010/9/29,15:15:00,2900.6,2917,2887.2,2900.4,142544
2010/9/30,15:15:00,2881.9,2960.4,2877.7,2959.4,198757
2010/10/8,15:15:00,2981.5,3078.6,2973,3061.4,162251
2010/10/11,15:15:00,3082.8,3169.3,3082.1,3147.4,234528
2010/10/12,15:15:00,3137,3173.3,3135.3,3165.9,203442
2010/10/13,15:15:00,3180.4,3226.5,3175.6,3225.2,251094
2010/10/14,15:15:00,3244.1,3270.8,3235.2,3251.5,240210
2010/10/15,15:15:00,3245.8,3398.5,3236.8,3395.8,297174
2010/10/18,15:15:00,3400.3,3428.7,3331.8,3336.7,317550
2010/10/19,15:15:00,3364.8,3439.8,3334.4,3430.4,323330
2010/10/20,15:15:00,3391.8,3520.1,3383.2,3467.5,399315
2010/10/21,15:15:00,3491.3,3501.7,3415.8,3457.5,340089
2010/10/22,15:15:00,3465.4,3504.9,3435,3472.8,307151
2010/10/25,15:15:00,3494,3617.5,3468.7,3615.6,271670
2010/10/26,15:15:00,3624.6,3628.9,3540.1,3570.8,250801
2010/10/27,15:15:00,3575.1,3617.6,3489.3,3503.4,321670
2010/10/28,15:15:00,3506.3,3551.3,3502.5,3532.7,263495
2010/10/29,15:15:00,3451.2,3514.4,3415.5,3437.7,288874
2010/11/1,15:15:00,3462.2,3590.9,3462,3572,244575
2010/11/2,15:15:00,3574.6,3604.7,3519.9,3521.1,285009
2010/11/3,15:15:00,3554.5,3555,3474.6,3496.5,316126
2010/11/4,15:15:00,3508,3564,3498.2,3557.4,262780
2010/11/5,15:15:00,3615.9,3667.4,3602.2,3628.6,237152
2010/11/8,15:15:00,3637.4,3642.2,3595.9,3620.1,178364
2010/11/9,15:15:00,3619.2,3624.8,3575.5,3594.2,178743
2010/11/10,15:15:00,3591.3,3592.1,3524.5,3562,196860
2010/11/11,15:15:00,3552.7,3643.9,3548.7,3557.9,262967
2010/11/12,15:15:00,3526,3551.6,3302.5,3336.3,322056
2010/11/15,15:15:00,3361.6,3378,3319.1,3351.7,250066
2010/11/16,15:15:00,3349.2,3357.8,3195.7,3215.1,280901
2010/11/17,15:15:00,3169.1,3232.1,3144.7,3157.5,333507
2010/11/18,15:15:00,3181.3,3216.2,3158.9,3196.4,254669
2010/11/19,15:15:00,3222.2,3258.4,3092.8,3251.3,332329
2010/11/22,15:15:00,3232,3251.5,3179.4,3204.5,255584
2010/11/23,15:15:00,3193.5,3197.1,3077.1,3135.1,296240
2010/11/24,15:15:00,3123.3,3234.2,3122.5,3213.2,304615
2010/11/25,15:15:00,3228.9,3257.4,3201.3,3242.5,196712
2010/11/26,15:15:00,3240.5,3254.8,3190.3,3228.1,215645
2010/11/29,15:15:00,3220.9,3248.4,3184,3226.3,176948
2010/11/30,15:15:00,3220.5,3234.4,3089.5,3166.4,264939
2010/12/1,15:15:00,3170.8,3179.3,3141.3,3159.7,183664
2010/12/2,15:15:00,3206,3233.5,3181.1,3182.2,165884
2010/12/3,15:15:00,3190.1,3203.5,3152.4,3192.1,186801
2010/12/6,15:15:00,3213.5,3223.5,3167.1,3188.2,176241
2010/12/7,15:15:00,3161,3258.5,3132.4,3240.5,237404
2010/12/8,15:15:00,3218.3,3246,3176.8,3178.5,177577
2010/12/9,15:15:00,3190,3202.5,3145.6,3160.2,203388
2010/12/10,15:15:00,3151.9,3215.2,3138.5,3192.4,211261
2010/12/13,15:15:00,3237.3,3308.1,3212.7,3304.4,225302
2010/12/14,15:15:00,3306.8,3322.3,3301.3,3311.6,151746
2010/12/15,15:15:00,3314.5,3324,3282.3,3285.8,183694
2010/12/16,15:15:00,3283.1,3308.3,3267.3,3269.9,150634
2010/12/17,15:15:00,3281.8,3294.8,3264.9,3293.3,155517
2010/12/20,15:15:00,3315.8,3323.2,3151.4,3226,231914
2010/12/21,15:15:00,3234.6,3321.6,3223.6,3319.4,212149
2010/12/22,15:15:00,3317.4,3322.9,3227.8,3260.4,182673
2010/12/23,15:15:00,3261.8,3289.6,3222.4,3237.7,225295
2010/12/24,15:15:00,3225.6,3240.6,3183.8,3214.7,254832
2010/12/27,15:15:00,3232.6,3280.2,3132.3,3137.8,272374
2010/12/28,15:15:00,3136.6,3144.9,3091.7,3093.2,213440
2010/12/29,15:15:00,3091.9,3112.8,3085,3110,152974
2010/12/30,15:15:00,3104.7,3132.4,3069.3,3114.3,194219
2010/12/31,15:15:00,3116.6,3180.7,3115.5,3179.2,240072
2011/1/4,15:15:00,3195.5,3232.1,3179.6,3211.7,197547
2011/1/5,15:15:00,3204.4,3221.5,3197,3206,151371
2011/1/6,15:15:00,3220.5,3240.8,3185,3192.7,195083
2011/1/7,15:15:00,3183,3245.7,3164.4,3190.1,229108
2011/1/10,15:15:00,3202.4,3216.5,3133.7,3140.6,196329
2011/1/11,15:15:00,3143.2,3159,3123.6,3158.3,179948
2011/1/12,15:15:00,3168.9,3183,3125,3171.9,217577
2011/1/13,15:15:00,3187.9,3191.6,3147.5,3165.7,213245
2011/1/14,15:15:00,3160.7,3163.3,3106,3115.5,223512
2011/1/17,15:15:00,3111.9,3112.3,2985.4,2989.9,228665
2011/1/18,15:15:00,2987.4,3004,2978,2994,166932
2011/1/19,15:15:00,2997.8,3073.9,2988.9,3069.8,223443
2011/1/20,15:15:00,3062.5,3063.8,2961.3,2965,241601
2011/1/21,15:15:00,2961,3066.8,2956.4,3001.3,341054
2011/1/24,15:15:00,3017,3029.2,2966,2982.3,258040
2011/1/25,15:15:00,2993.1,2994.6,2947,2971.6,235440
2011/1/26,15:15:00,2965.8,3009.7,2962.6,2999,221280
2011/1/27,15:15:00,2989.6,3058.8,2955.4,3041.9,280123
2011/1/28,15:15:00,3036.6,3069,3032.5,3059.6,174644
2011/1/31,15:15:00,3048.3,3102.3,3046.3,3094.3,163269
2011/2/1,15:15:00,3101,3112.1,3084.5,3100.8,112427
2011/2/9,15:15:00,3098.5,3109.5,3048,3053.7,172114
2011/2/10,15:15:00,3056.2,3129.3,3045.4,3118.3,197662
2011/2/11,15:15:00,3121.8,3143.4,3111.7,3132.7,188813
2011/2/14,15:15:00,3134.1,3255.8,3130.8,3247.8,220159
2011/2/15,15:15:00,3251.8,3279.2,3235.4,3243.8,192742
2011/2/16,15:15:00,3242.7,3277.3,3227.8,3276.6,201527
2011/2/17,15:15:00,3285.5,3294,3238.9,3268.6,201044
2011/2/18,15:15:00,3270.8,3274.7,3228,3239.3,203877
2011/2/21,15:15:00,3224.5,3297.3,3222,3293.7,212681
2011/2/22,15:15:00,3294.9,3303.2,3185.2,3189.8,251207
2011/2/23,15:15:00,3182.5,3208,3174.8,3185,181015
2011/2/24,15:15:00,3186.1,3218.2,3177.2,3203.7,212721
2011/2/25,15:15:00,3211.6,3244.9,3185,3224.8,225156
2011/2/28,15:15:00,3224.5,3269.3,3195.7,3264.8,213993
2011/3/1,15:15:00,3270.2,3290.4,3254.9,3264.1,182880
2011/3/2,15:15:00,3250.7,3270.6,3222.2,3254.6,208519
2011/3/3,15:15:00,3261.3,3291.5,3230.2,3232.4,236076
2011/3/4,15:15:00,3241.8,3300,3237,3297.3,195244
2011/3/7,15:15:00,3297.4,3361,3296.8,3351,210345
2011/3/8,15:15:00,3344.8,3373.3,3326.9,3372,161604
2011/3/9,15:15:00,3380.2,3380.8,3344.9,3354.4,190401
2011/3/10,15:15:00,3349.2,3350.9,3291.7,3299.4,193598
2011/3/11,15:15:00,3291.6,3312.8,3244.9,3260.5,185710
2011/3/14,15:15:00,3271.8,3283.9,3245.6,3269.2,178140
2011/3/15,15:15:00,3261.2,3266,3152.1,3213,274136
2011/3/16,15:15:00,3241.4,3267.4,3221.1,3260.9,184163
2011/3/17,15:15:00,3244.3,3256.9,3201.6,3230.3,228994
2011/3/18,15:15:00,3250.5,3267.6,3231.3,3241.1,176017
2011/3/21,15:15:00,3235.7,3292.9,3210.8,3239,190577
2011/3/22,15:15:00,3252,3254.6,3190.1,3240.4,217278
2011/3/23,15:15:00,3241.5,3292.3,3230.4,3278,192070
2011/3/24,15:15:00,3281.6,3287.2,3269.5,3275.3,130418
2011/3/25,15:15:00,3280.7,3331.2,3277.8,3306.5,176092
2011/3/28,15:15:00,3316,3344.5,3303.1,3304.9,177950
2011/3/29,15:15:00,3299.4,3329.1,3270.6,3281.9,198473
2011/3/30,15:15:00,3285.6,3292.1,3255.8,3271.9,188198
2011/3/31,15:15:00,3274.1,3281.2,3229,3252.5,187459
2011/4/1,15:15:00,3251.3,3288.5,3241.1,3285.4,161411
2011/4/6,15:15:00,3282.1,3328.7,3274.6,3317.1,187403
2011/4/7,15:15:00,3321.8,3336.2,3313,3332.9,134280
2011/4/8,15:15:00,3332.9,3374.6,3326,3374.3,169593
2011/4/11,15:15:00,3380,3390.7,3346.6,3354.4,150607
2011/4/12,15:15:00,3349.6,3359.4,3321.1,3336.6,173194
2011/4/13,15:15:00,3329,3391.9,3314.9,3391,182094
2011/4/14,15:15:00,3391.3,3393,3362.3,3366,165240
2011/4/15,15:15:00,3366.5,3397.4,3336.2,3376.3,221686
2011/4/18,15:15:00,3373.2,3388.9,3347.9,3361.3,178158
2011/4/19,15:15:00,3348.6,3350.1,3307.3,3316.7,176528
2011/4/20,15:15:00,3326.2,3332.7,3301.4,3320.9,137275
2011/4/21,15:15:00,3338.5,3349.9,3318.3,3325.6,148446
2011/4/22,15:15:00,3326.8,3340.5,3303.6,3313.6,136684
2011/4/25,15:15:00,3309.1,3310.3,3259.5,3266,154643
2011/4/26,15:15:00,3260.9,3271.9,3237.9,3257.8,141394
2011/4/27,15:15:00,3261,3267.9,3207.8,3236,139156
2011/4/28,15:15:00,3242.1,3256.9,3192.4,3201.8,212259
2011/4/29,15:15:00,3196.4,3221.2,3193.4,3200.4,152638
2011/5/3,15:15:00,3208.4,3223.5,3182,3216.9,138980
2011/5/4,15:15:00,3210.2,3210.8,3128.7,3135.2,173430
2011/5/5,15:15:00,3125,3145,3121.9,3126.7,134741
2011/5/6,15:15:00,3114.5,3149.4,3097.3,3139.5,180745
2011/5/9,15:15:00,3142.3,3159.9,3122.1,3144.7,154966
2011/5/10,15:15:00,3141,3164.3,3131.9,3157.4,168669
2011/5/11,15:15:00,3161.6,3171.8,3133.7,3148.1,180820
2011/5/12,15:15:00,3133.4,3148.7,3098.1,3098.1,167320
2011/5/13,15:15:00,3110.3,3142.3,3095.2,3135,188816
2011/5/16,15:15:00,3127,3142.6,3102.7,3112,153870
2011/5/17,15:15:00,3110.1,3146.8,3087.2,3127.4,190707
2011/5/18,15:15:00,3126.2,3158.9,3122.8,3149,159861
2011/5/19,15:15:00,3154.1,3162.5,3130.2,3130.9,144332
2011/5/20,15:15:00,3132.6,3145.2,3126,3130.1,136698
2011/5/23,15:15:00,3121.7,3127.4,3025,3026.9,169958
2011/5/24,15:15:00,3026.4,3037.4,3018.6,3028,126454
2011/5/25,15:15:00,3026.7,3041,2995,3019.2,162638
2011/5/26,15:15:00,3023.4,3030.5,2988,2996.4,159923
2011/5/27,15:15:00,2999.9,3016.9,2983.1,2984.7,202890
2011/5/30,15:15:00,2982.1,2993.4,2964.1,2975.9,158954
2011/5/31,15:15:00,2979.5,3013.3,2966.5,3000.4,158269
2011/6/1,15:15:00,3001.9,3009,2994,3006.8,119675
2011/6/2,15:15:00,2988.3,2993.5,2933.4,2967.9,192662
2011/6/3,15:15:00,2970.5,3003.1,2964.6,2991.7,152626
2011/6/7,15:15:00,2958.2,3005.8,2958.2,2999.9,135721
2011/6/8,15:15:00,2997.4,3019.8,2961.3,3012,175368
2011/6/9,15:15:00,3013.2,3014.2,2957.1,2964,182339
2011/6/10,15:15:00,2966,2973.4,2937.1,2953.2,182322
2011/6/13,15:15:00,2945.5,2962.8,2924.3,2961.2,177488
2011/6/14,15:15:00,2960,3001.5,2955.3,2990.6,179355
2011/6/15,15:15:00,2994.2,2998.4,2965.9,2966.6,150865
2011/6/16,15:15:00,2952.8,2954.3,2928.9,2929.8,173435
2011/6/17,15:15:00,2933.1,2942.2,2893.3,2894,157832
2011/6/20,15:15:00,2894.1,2902.1,2867.6,2887.9,153147
2011/6/21,15:15:00,2892.6,2911.1,2885.1,2906.3,155275
2011/6/22,15:15:00,2913.2,2921.9,2892.5,2902.2,153937
2011/6/23,15:15:00,2898.8,2979.1,2888.9,2966,218811
2011/6/24,15:15:00,2965.6,3065.1,2959.2,3044.3,246389
2011/6/27,15:15:00,3036.3,3060.3,3026.6,3042.4,187849
2011/6/28,15:15:00,3047.4,3056.1,3023.1,3044.8,180865
2011/6/29,15:15:00,3053.7,3054.5,3013.3,3022.2,187749
2011/6/30,15:15:00,3020.6,3084.6,3018.6,3040.2,211249
2011/7/1,15:15:00,3045,3080.9,3039.9,3055.4,201880
2011/7/4,15:15:00,3064.8,3134.1,3064.8,3127,195755
2011/7/5,15:15:00,3127.2,3132.5,3114.8,3124.1,131061
2011/7/6,15:15:00,3125.1,3129.8,3096.5,3119.5,159098
2011/7/7,15:15:00,3125.6,3151.7,3104.1,3118.6,225974
2011/7/8,15:15:00,3128.4,3138.4,3104.3,3125.1,208389
2011/7/11,15:15:00,3117.5,3125.1,3096.3,3108.1,171964
2011/7/12,15:15:00,3092.6,3095.2,3059.1,3060.1,171435
2011/7/13,15:15:00,3070.2,3119.5,3069.4,3114.3,181422
2011/7/14,15:15:00,3115.1,3131.6,3104.1,3125.8,167659
2011/7/15,15:15:00,3122.6,3148.6,3110,3141.7,177418
2011/7/18,15:15:00,3152.1,3159.5,3125.6,3126.5,139255
2011/7/19,15:15:00,3119.3,3122.4,3101.8,3120.2,132266
2011/7/20,15:15:00,3132.9,3133.8,3083,3099.1,153161
2011/7/21,15:15:00,3098.5,3116.8,3073.7,3077.9,169879
2011/7/22,15:15:00,3085.4,3100.2,3076.1,3079,134465
2011/7/25,15:15:00,3067.1,3067.1,2970.2,2981.3,153481
2011/7/26,15:15:00,2983.4,2989,2976.9,2986.8,97551
2011/7/27,15:15:00,2979,3008.4,2959.6,2998.9,172424
2011/7/28,15:15:00,2983.3,2996.2,2969.5,2994.2,142678
2011/7/29,15:15:00,2992.2,3008,2961.1,2975.7,183651
2011/8/1,15:15:00,2989.1,3000.3,2970.9,2991.5,130142
2011/8/2,15:15:00,2971.8,2972.3,2928.6,2968.2,172174
2011/8/3,15:15:00,2939.5,2977.1,2937.5,2964.3,156861
2011/8/4,15:15:00,2970.7,2988.7,2960.6,2967.3,123178
2011/8/5,15:15:00,2903.5,2923.9,2878.1,2901.6,158581
2011/8/8,15:15:00,2894.1,2901.9,2758.2,2801,244612
2011/8/9,15:15:00,2717.6,2826.7,2708.6,2825.3,280528
2011/8/10,15:15:00,2844.2,2855.1,2811.7,2814.2,190563
2011/8/11,15:15:00,2792.3,2886.9,2791.1,2886.5,274612
2011/8/12,15:15:00,2892.1,2892.9,2864,2867.3,185164
2011/8/15,15:15:00,2882.2,2912.1,2868.6,2904.3,174558
2011/8/16,15:15:00,2909.4,2917.4,2879.3,2881.2,159841
2011/8/17,15:15:00,2886.6,2915.9,2886.6,2892.1,184048
2011/8/18,15:15:00,2885.8,2895.9,2834.3,2848.3,180265
2011/8/19,15:15:00,2815.5,2825.8,2789.4,2807.9,192483
2011/8/22,15:15:00,2815.2,2837.3,2767.6,2788.4,208179
2011/8/23,15:15:00,2794.5,2836.3,2783.7,2833.9,215612
2011/8/24,15:15:00,2838.4,2846.4,2796.7,2802.3,191132
2011/8/25,15:15:00,2813.4,2917.7,2813.4,2914.9,274274
2011/8/26,15:15:00,2906.8,2916,2875.2,2896.7,214462
2011/8/29,15:15:00,2877.7,2880.4,2844.1,2858.2,211451
2011/8/30,15:15:00,2878.3,2912.8,2831.7,2834.6,248682
2011/8/31,15:15:00,2838.3,2859.6,2828.4,2849,221274
2011/9/1,15:15:00,2855.5,2878.8,2821.7,2830.7,242565
2011/9/2,15:15:00,2827.6,2844.2,2793.8,2811,229211
2011/9/5,15:15:00,2794.7,2797.7,2746,2750.9,192650
2011/9/6,15:15:00,2741,2749.7,2715.3,2740,207717
2011/9/7,15:15:00,2745.1,2787.8,2730.8,2778.4,234545
2011/9/8,15:15:00,2784.3,2791.2,2759,2764.9,182297
2011/9/9,15:15:00,2775.8,2807.6,2740.6,2752.7,259121
2011/9/13,15:15:00,2717.5,2730.1,2702.3,2725,185366
2011/9/14,15:15:00,2730.5,2744.8,2677.7,2735.1,281416
2011/9/15,15:15:00,2745.1,2761.9,2728.2,2731.9,262282
2011/9/16,15:15:00,2751.4,2762.6,2732.1,2737.5,207687
2011/9/19,15:15:00,2711.7,2713.4,2671.1,2671.8,152493
2011/9/20,15:15:00,2677.6,2708.7,2670.2,2706.9,200770
2011/9/21,15:15:00,2700.1,2787,2678.5,2767.9,285138
2011/9/22,15:15:00,2741,2761.6,2683.1,2686.8,231648
2011/9/23,15:15:00,2645.1,2696.2,2626.7,2669.8,317714
2011/9/26,15:15:00,2652.6,2687.6,2603.9,2606.9,279331
2011/9/27,15:15:00,2636.8,2663.4,2620,2650.2,258919
2011/9/28,15:15:00,2652.1,2662.8,2604.4,2620.4,233314
2011/9/29,15:15:00,2601.2,2627.4,2584.6,2608.8,264654
2011/9/30,15:15:00,2611.8,2616.4,2573.8,2574.8,201915
2011/10/10,15:15:00,2600.6,2605.8,2565.2,2570.8,167565
2011/10/11,15:15:00,2647.2,2649.4,2540.6,2557,254445
2011/10/12,15:15:00,2545.2,2652.6,2536.6,2638.2,363812
2011/10/13,15:15:00,2645.8,2672.4,2634.2,2658,277816
2011/10/14,15:15:00,2662.6,2671.8,2637,2660,246961
2011/10/17,15:15:00,2671.2,2693.6,2654.6,2667.2,245909
2011/10/18,15:15:00,2643,2650.6,2590.4,2595.2,218165
2011/10/19,15:15:00,2608.2,2627.4,2582.2,2587.4,274273
2011/10/20,15:15:00,2563.4,2570.8,2505.8,2525.6,259182
2011/10/21,15:15:00,2532.2,2546.8,2516.8,2522.4,246362
2011/10/24,15:15:00,2535.8,2599.6,2512.8,2578.2,304890
2011/10/25,15:15:00,2581,2647.2,2566.2,2624.2,307812
2011/10/26,15:15:00,2628.2,2685,2625,2665,294074
2011/10/27,15:15:00,2670.6,2681.4,2656.2,2677.4,219410
2011/10/28,15:15:00,2698.6,2746.8,2690.6,2705,267237
2011/10/31,15:15:00,2704,2712.8,2681.8,2696.2,184750
2011/11/1,15:15:00,2688,2736.4,2679.6,2689.2,274962
2011/11/2,15:15:00,2669.2,2781,2658.8,2779.6,305370
2011/11/3,15:15:00,2772,2788.4,2744,2750.6,276639
2011/11/4,15:15:00,2780.4,2797.2,2756.8,2776.2,278560
2011/11/7,15:15:00,2762.8,2776,2741.8,2758.6,202558
2011/11/8,15:15:00,2755.2,2771.2,2735.6,2743.6,237624
2011/11/9,15:15:00,2758.2,2770.2,2717.2,2751.2,265151
2011/11/10,15:15:00,2715.4,2736,2703.4,2704.6,245717
2011/11/11,15:15:00,2712.6,2727.4,2695.2,2697.8,180419
2011/11/14,15:15:00,2727.6,2768.8,2721.8,2757.4,230615
2011/11/15,15:15:00,2749.4,2760.6,2738.4,2745.8,168734
2011/11/16,15:15:00,2753.4,2756.6,2664.4,2683.2,241671
2011/11/17,15:15:00,2680.8,2696.8,2670.8,2677.8,188826
2011/11/18,15:15:00,2663.4,2663.4,2611.2,2619.6,229563
2011/11/21,15:15:00,2616.2,2623.2,2600,2615.6,143056
2011/11/22,15:15:00,2603.8,2625.2,2587.6,2613.2,232600
2011/11/23,15:15:00,2617.6,2622.8,2580.4,2588.4,219034
2011/11/24,15:15:00,2574,2615.4,2569.4,2600,241913
2011/11/25,15:15:00,2593.8,2604.4,2567.8,2575,175163
2011/11/28,15:15:00,2591.4,2601.4,2570.2,2587,193723
2011/11/29,15:15:00,2596.6,2614.6,2583.8,2604.2,207729
2011/11/30,15:15:00,2605.8,2606.2,2517.4,2530.4,224905
2011/12/1,15:15:00,2588,2644,2580.6,2585.8,317064
2011/12/2,15:15:00,2582.2,2585.4,2551.6,2567.6,260280
2011/12/5,15:15:00,2564.4,2573.8,2532.4,2538.8,274294
2011/12/6,15:15:00,2529,2539.2,2513.6,2522.4,211263
2011/12/7,15:15:00,2527.2,2541.8,2516.2,2540.2,231083
2011/12/8,15:15:00,2533.6,2564,2501.4,2534.2,302395
2011/12/9,15:15:00,2519.2,2534.8,2510.2,2513.8,219154
2011/12/12,15:15:00,2515.6,2515.6,2488.8,2493,187534
2011/12/13,15:15:00,2483.6,2488.8,2438.4,2442.4,231636
2011/12/14,15:15:00,2437.4,2445.6,2415.4,2424,214049
2011/12/15,15:15:00,2409.6,2413,2352,2353,364304
2011/12/16,15:15:00,2358.6,2404,2352.6,2393.4,293813
2011/12/19,15:15:00,2380.4,2408,2325.8,2406.6,352820
2011/12/20,15:15:00,2395.2,2425.8,2379.6,2384.2,302603
2011/12/21,15:15:00,2405.2,2419.6,2350.4,2362.8,302094
2011/12/22,15:15:00,2347.6,2382,2310.8,2362,420024
2011/12/23,15:15:00,2362.8,2405.4,2348,2365.2,366637
2011/12/26,15:15:00,2355.8,2387.2,2342.4,2349.2,311746
2011/12/27,15:15:00,2346.4,2368.6,2324.2,2326.8,310312
2011/12/28,15:15:00,2324.8,2335.2,2298,2326.4,319823
2011/12/29,15:15:00,2312.2,2343.6,2311.6,2327.2,273997
2011/12/30,15:15:00,2336.8,2366.2,2333.6,2362.6,273243
2012/1/4,15:15:00,2388,2388.2,2310.8,2311.2,234410
2012/1/5,15:15:00,2308.6,2332.2,2292,2296.2,334417
2012/1/6,15:15:00,2296.2,2305.4,2278.2,2303.2,285689
2012/1/9,15:15:00,2297.4,2382.8,2282.4,2381.6,413995
2012/1/10,15:15:00,2388.6,2468.6,2377.2,2467,404292
2012/1/11,15:15:00,2466.6,2472.8,2441.2,2450.4,319027
2012/1/12,15:15:00,2446.2,2479.2,2438.8,2451,351138
2012/1/13,15:15:00,2454.2,2462,2393.8,2415.8,372250
2012/1/16,15:15:00,2405.2,2410.6,2354.6,2358.2,341922
2012/1/17,15:15:00,2372.2,2508.6,2347.6,2505.4,512318
2012/1/18,15:15:00,2500.2,2512.2,2431.4,2443.4,426166
2012/1/19,15:15:00,2450.6,2516.4,2440.8,2491.2,530627
2012/1/20,15:15:00,2500.8,2533.2,2480.4,2519.4,379075
2012/1/30,15:15:00,2519.4,2521.2,2469.6,2474.2,318967
2012/1/31,15:15:00,2479.8,2490,2461.4,2480.8,317323
2012/2/1,15:15:00,2476.6,2498.4,2433,2444.2,339102
2012/2/2,15:15:00,2449.4,2500.4,2438.8,2491.4,415243
2012/2/3,15:15:00,2491.4,2530.2,2478.2,2513.2,366434
2012/2/6,15:15:00,2527,2536.4,2497,2509,330985
2012/2/7,15:15:00,2506,2507.8,2447.6,2469,350531
2012/2/8,15:15:00,2472.4,2556.6,2462.2,2541.2,423570
2012/2/9,15:15:00,2536.2,2556.6,2522.8,2537.6,413397
2012/2/10,15:15:00,2535.4,2576.2,2526,2538.4,457814
2012/2/13,15:15:00,2523.2,2569.4,2507.6,2538.4,437987
2012/2/14,15:15:00,2534,2544.8,2514.6,2527.6,404899
2012/2/15,15:15:00,2531,2577.4,2524.8,2559.2,429078
2012/2/16,15:15:00,2547.4,2565.6,2521.4,2545.6,362573
2012/2/17,15:15:00,2563.2,2574.4,2533.8,2552.6,386330
2012/2/20,15:15:00,2585,2589,2552.4,2555.4,307004
2012/2/21,15:15:00,2558.8,2572.4,2528.4,2571.8,372649
2012/2/22,15:15:00,2573.2,2608.8,2565.8,2599.6,378227
2012/2/23,15:15:00,2598,2618.4,2594,2610,339360
2012/2/24,15:15:00,2619.6,2662.6,2602.6,2662.6,382316
2012/2/27,15:15:00,2667.4,2705.8,2664.4,2674,357560
2012/2/28,15:15:00,2675.2,2689.2,2660.4,2672.6,341959
2012/2/29,15:15:00,2663.8,2676.8,2650.6,2655.4,339534
2012/3/1,15:15:00,2643,2665.8,2641.2,2642.8,288436
2012/3/2,15:15:00,2650.2,2692,2650.2,2688.6,365035
2012/3/5,15:15:00,2690.6,2700,2669.2,2673,270282
2012/3/6,15:15:00,2669.6,2672.8,2627.8,2637,326480
2012/3/7,15:15:00,2617.6,2640.2,2613.4,2617,304262
2012/3/8,15:15:00,2624,2656.2,2623.2,2642.2,356482
2012/3/9,15:15:00,2652,2671.6,2643.2,2669.6,347712
2012/3/12,15:15:00,2669,2671.8,2646,2653.4,283169
2012/3/13,15:15:00,2659.8,2687.4,2657,2685.6,329797
2012/3/14,15:15:00,2701.8,2712.4,2609.8,2623.4,429709
2012/3/15,15:15:00,2623.4,2632,2599.6,2601.4,380276
2012/3/16,15:15:00,2608.6,2634.4,2588.8,2629.4,392388
2012/3/19,15:15:00,2629.4,2637.8,2611.8,2633.4,288085
2012/3/20,15:15:00,2635.8,2636.6,2599,2600.2,328240
2012/3/21,15:15:00,2614.8,2623.6,2584.4,2605.8,369548
2012/3/22,15:15:00,2604.8,2613.2,2584.6,2600.6,317756
2012/3/23,15:15:00,2594,2594,2564.6,2575.2,299326
2012/3/26,15:15:00,2573.2,2578.8,2562.2,2573,199407
2012/3/27,15:15:00,2583.8,2584.2,2563.8,2568.8,216620
2012/3/28,15:15:00,2563.4,2563.4,2488.4,2497.4,305029
2012/3/29,15:15:00,2488.6,2490,2448.2,2468.2,332727
2012/3/30,15:15:00,2471.8,2475.8,2455,2458.2,268090
2012/4/5,15:15:00,2447.6,2523.4,2446.6,2516.6,380018
2012/4/6,15:15:00,2518.2,2530.6,2509.6,2526.2,296186
2012/4/9,15:15:00,2517.8,2529.6,2494.8,2506.8,346229
2012/4/10,15:15:00,2504.4,2528.4,2466.6,2523.4,423446
2012/4/11,15:15:00,2504.2,2550.4,2500,2528.8,450550
2012/4/12,15:15:00,2531.4,2583.2,2524.4,2579.8,417127
2012/4/13,15:15:00,2589,2605.6,2576.6,2595.2,366521
2012/4/16,15:15:00,2581.2,2596.4,2569.6,2583.6,333696
2012/4/17,15:15:00,2587.2,2588.4,2556,2558.4,361361
2012/4/18,15:15:00,2568,2619.6,2561.8,2609.6,377100
2012/4/19,15:15:00,2612.8,2619.6,2599,2613.2,288119
2012/4/20,15:15:00,2609.6,2644.6,2605,2639.8,352984
2012/4/23,15:15:00,2637,2641.6,2615.6,2623.8,259398
2012/4/24,15:15:00,2618.6,2659,2576.2,2610,453304
2012/4/25,15:15:00,2612.8,2638.8,2607.4,2633.4,381401
2012/4/26,15:15:00,2639.2,2653.6,2625.4,2643.6,316751
2012/4/27,15:15:00,2647.4,2651.2,2636.8,2643.4,258349
2012/5/2,15:15:00,2671.8,2719.2,2669,2703.4,18462
2012/5/3,15:15:00,2690,2701,2688.8,2699,208928
2012/5/4,15:15:00,2696.8,2722.2,2683.6,2722.2,341711
2012/5/7,15:15:00,2711,2721.2,2704,2719.4,264367
2012/5/8,15:15:00,2724.4,2731,2691.8,2706.6,378048
2012/5/9,15:15:00,2699.4,2699.4,2664.8,2668.4,317576
2012/5/10,15:15:00,2669.6,2679.8,2662.8,2668.8,264357
2012/5/11,15:15:00,2665.4,2680,2633.2,2636,343666
2012/5/14,15:15:00,2653,2656.2,2602.8,2608.8,408177
2012/5/15,15:15:00,2598,2619.8,2593.4,2612.4,313984
2012/5/16,15:15:00,2608.6,2613.4,2565.4,2571,341574
2012/5/17,15:15:00,2583.8,2621.8,2576.6,2609.8,315786
2012/5/18,15:15:00,2598.2,2599,2559.4,2571.8,344994
2012/5/21,15:15:00,2577.8,2605.2,2563.8,2585.4,382062
2012/5/22,15:15:00,2595.4,2614.2,2591,2610.2,317783
2012/5/23,15:15:00,2600,2617.2,2577.6,2590.6,363419
2012/5/24,15:15:00,2597,2610.2,2567.2,2584.6,381864
2012/5/25,15:15:00,2581.6,2587.2,2560,2567.4,314010
2012/5/28,15:15:00,2568,2603.2,2549.6,2600,333845
2012/5/29,15:15:00,2598.6,2655.8,2597.8,2645.4,370396
2012/5/30,15:15:00,2637,2644.2,2629.2,2632.8,265067
2012/5/31,15:15:00,2622.2,2642.8,2612.4,2635.2,321035
2012/6/1,15:15:00,2630.4,2658.8,2615.4,2629,407856
2012/6/4,15:15:00,2596.6,2596.6,2544.6,2544.8,337515
2012/6/5,15:15:00,2555.8,2565.4,2546,2550.8,299759
2012/6/6,15:15:00,2549.4,2569,2540,2548.4,383924
2012/6/7,15:15:00,2568.4,2575.2,2521.4,2533,344519
2012/6/8,15:15:00,2545.6,2547.6,2511,2512,443799
2012/6/11,15:15:00,2532.6,2565,2520.4,2550.8,407391
2012/6/12,15:15:00,2534.2,2546.2,2521,2536.2,366745
2012/6/13,15:15:00,2537.6,2571.6,2530.4,2564,427859
2012/6/14,15:15:00,2560,2578.6,2546.4,2550.4,342899
2012/6/15,15:15:00,2558.4,2574.8,2534.2,2562.4,438280
2012/6/18,15:15:00,2579.6,2592,2567.2,2574.6,370251
2012/6/19,15:15:00,2574.2,2574.2,2552.6,2560.4,298035
2012/6/20,15:15:00,2566.6,2571.8,2550.6,2551.6,312071
2012/6/21,15:15:00,2545.4,2547,2495.4,2513.2,349152
2012/6/25,15:15:00,2503.4,2508.8,2462,2470.4,279294
2012/6/26,15:15:00,2464.4,2471.2,2451.4,2463.6,323826
2012/6/27,15:15:00,2459.2,2477.4,2452.6,2457.6,298251
2012/6/28,15:15:00,2465,2470.2,2438.6,2442.6,332740
2012/6/29,15:15:00,2436.8,2474.8,2434.4,2472.4,374925
2012/7/2,15:15:00,2480,2480,2458.6,2467.8,336713
2012/7/3,15:15:00,2470.8,2502.8,2465.2,2473.2,417834
2012/7/4,15:15:00,2478,2490.2,2467.6,2474,414001
2012/7/5,15:15:00,2473.2,2473.4,2435.8,2449.2,393560
2012/7/6,15:15:00,2448.4,2498.2,2433.4,2484.4,498818
2012/7/9,15:15:00,2472.8,2482.8,2429.8,2435.4,389900
2012/7/10,15:15:00,2433.4,2439.8,2423,2427.4,354561
2012/7/11,15:15:00,2421.8,2443.6,2415.8,2433.6,416553
2012/7/12,15:15:00,2432.6,2469,2417.4,2451.8,574219
2012/7/13,15:15:00,2453.6,2481.6,2451.8,2463.2,462616
2012/7/16,15:15:00,2469.6,2470.4,2420.6,2423.2,410927
2012/7/17,15:15:00,2418,2434.2,2416,2429.8,345624
2012/7/18,15:15:00,2426.8,2436.4,2390.6,2428.6,538879
2012/7/19,15:15:00,2430.4,2463.4,2424.4,2435.6,509950
2012/7/20,15:15:00,2435.8,2438.4,2412.8,2422,393533
2012/7/23,15:15:00,2404.6,2406.4,2377.2,2382,323611
2012/7/24,15:15:00,2378,2409.4,2374.8,2386,382759
2012/7/25,15:15:00,2377.8,2400,2373,2377.8,360716
2012/7/26,15:15:00,2377.2,2394,2365.4,2369,398290
2012/7/27,15:15:00,2376,2384.4,2367.6,2376.4,335669
2012/7/30,15:15:00,2379.2,2391.8,2363.6,2368.2,348383
2012/7/31,15:15:00,2367,2380.2,2365.8,2367.6,281810
2012/8/1,15:15:00,2363.6,2388.8,2363,2374.4,353141
2012/8/2,15:15:00,2374.6,2376.4,2342,2356,320906
2012/8/3,15:15:00,2360,2373.4,2350.2,2372.6,316772
2012/8/6,15:15:00,2367.2,2397.4,2365.2,2389.6,410283
2012/8/7,15:15:00,2391.6,2399.4,2390.8,2397.6,256746
2012/8/8,15:15:00,2401,2413.6,2394.4,2396.8,299579
2012/8/9,15:15:00,2398.8,2426.4,2390.6,2424.4,431167
2012/8/10,15:15:00,2426.2,2428,2411.6,2418,269865
2012/8/13,15:15:00,2415.6,2415.6,2371.6,2374.4,303892
2012/8/14,15:15:00,2372.8,2377.2,2339,2366.2,423817
2012/8/15,15:15:00,2364.4,2364.6,2346,2350.2,376490
2012/8/16,15:15:00,2350.8,2355.8,2341.8,2345.6,291166
2012/8/17,15:15:00,2346.8,2347,2323.6,2336.4,334132
2012/8/20,15:15:00,2325.6,2332.4,2299.6,2320.4,305640
2012/8/21,15:15:00,2319.2,2354.2,2318,2327.4,427409
2012/8/22,15:15:00,2326.2,2335.4,2306.6,2314,303454
2012/8/23,15:15:00,2318.6,2335.6,2308.2,2328.2,449426
2012/8/24,15:15:00,2319.4,2320.4,2297.4,2299.6,313130
2012/8/27,15:15:00,2300.4,2301.4,2252.8,2253.8,326166
2012/8/28,15:15:00,2251.2,2273,2247.8,2252.6,341606
2012/8/29,15:15:00,2251.4,2261.4,2234.4,2236.8,378798
2012/8/30,15:15:00,2231.8,2242.4,2212.6,2226.6,430735
2012/8/31,15:15:00,2221,2237.2,2220.4,2221,363800
2012/9/3,15:15:00,2219.4,2249,2207.8,2239.4,456305
2012/9/4,15:15:00,2238.2,2245.4,2211,2216,333756
2012/9/5,15:15:00,2213,2222.4,2203.8,2215.4,369420
2012/9/6,15:15:00,2217,2248.8,2210.6,2246.6,468734
2012/9/7,15:15:00,2254.8,2367,2247.6,2347,764040
2012/9/10,15:15:00,2348,2354.2,2332.6,2345,438846
2012/9/11,15:15:00,2338.6,2338.6,2309.4,2331.6,515715
2012/9/12,15:15:00,2339.8,2361,2312.6,2339.8,587437
2012/9/13,15:15:00,2338,2344.8,2306,2310.6,592958
2012/9/14,15:15:00,2354,2363.6,2314.8,2340.4,720252
2012/9/17,15:15:00,2334.6,2335,2276.8,2280.8,529239
2012/9/18,15:15:00,2270.8,2274.8,2245,2246.2,490812
2012/9/19,15:15:00,2250.2,2272.2,2248.4,2263.8,484399
2012/9/20,15:15:00,2260.4,2260.6,2208.6,2214,514218
2012/9/21,15:15:00,2211.8,2237.4,2204.2,2221.6,596583
2012/9/24,15:15:00,2203.4,2247,2191,2226.6,651513
2012/9/25,15:15:00,2220,2242,2213.6,2224,510450
2012/9/26,15:15:00,2215.2,2234.2,2197.6,2205.6,479701
2012/9/27,15:15:00,2205.6,2322.8,2205.6,2262.8,756469
2012/9/28,15:15:00,2255,2323.2,2246.2,2322.4,752956
2012/10/8,15:15:00,2316,2320.4,2268.2,2283.2,476256
2012/10/9,15:15:00,2291.8,2350,2287.4,2330.8,730920
2012/10/10,15:15:00,2321.2,2339.8,2317,2329,525865
2012/10/11,15:15:00,2326.4,2334.6,2312.6,2326.8,534790
2012/10/12,15:15:00,2327,2349.8,2296,2315,662601
2012/10/15,15:15:00,2309.8,2332.4,2291,2310.6,511266
2012/10/16,15:15:00,2315.2,2329.8,2299.2,2308.4,647783
2012/10/17,15:15:00,2317.8,2328.2,2293,2321.8,711447
2012/10/18,15:15:00,2331.8,2361.2,2324.6,2352.2,693929
2012/10/19,15:15:00,2352.4,2357.8,2345.8,2350.6,345019
2012/10/22,15:15:00,2336.8,2368.8,2332.8,2355.8,435535
2012/10/23,15:15:00,2359,2362.2,2327.8,2329.2,470149
2012/10/24,15:15:00,2321.2,2341.8,2320.4,2327,470438
2012/10/25,15:15:00,2326.6,2338.6,2308.4,2312,471001
2012/10/26,15:15:00,2309.6,2313.8,2249.8,2256.8,531475
2012/10/29,15:15:00,2256,2260.2,2238.2,2249,348999
2012/10/30,15:15:00,2251,2273.8,2242,2250.6,501477
2012/10/31,15:15:00,2255.8,2265.4,2243.4,2260.2,503290
2012/11/1,15:15:00,2263,2322.2,2260.6,2311.2,621358
2012/11/2,15:15:00,2315.4,2321,2294.2,2312.8,466928
2012/11/5,15:15:00,2311,2335.2,2298.6,2312.4,529364
2012/11/6,15:15:00,2315.6,2320,2266.2,2296.6,596177
2012/11/7,15:15:00,2303,2314.8,2284.6,2297.4,635375
2012/11/8,15:15:00,2282,2287.6,2249.4,2250.4,576446
2012/11/9,15:15:00,2251.8,2259.6,2241.8,2250.2,432469
2012/11/12,15:15:00,2251.2,2261.8,2236,2254.2,542402
2012/11/13,15:15:00,2255.6,2256,2213.6,2220.2,544267
2012/11/14,15:15:00,2222,2230.2,2216.6,2224.8,417877
2012/11/15,15:15:00,2217.4,2231.4,2197.8,2201.4,663331
2012/11/16,15:15:00,2200.4,2202.6,2171.6,2186.6,567654
2012/11/19,15:15:00,2187.4,2187.8,2159.6,2179.8,509660
2012/11/20,15:15:00,2187.8,2191.6,2169.6,2184.4,481799
2012/11/21,15:15:00,2181.8,2204,2161.6,2195.8,733832
2012/11/22,15:15:00,2192.2,2192.8,2175.4,2191,535500
2012/11/23,15:15:00,2197,2212.6,2188.8,2198.2,637025
2012/11/26,15:15:00,2199,2200,2177,2184,486378
2012/11/27,15:15:00,2180.4,2180.4,2160,2161.6,449836
2012/11/28,15:15:00,2155.6,2157.8,2140.4,2145.4,399060
2012/11/29,15:15:00,2145.8,2153,2129.2,2129.4,395096
2012/11/30,15:15:00,2125.2,2151,2125.2,2142.2,597572
2012/12/3,15:15:00,2144.4,2159.6,2119.6,2121.4,585161
2012/12/4,15:15:00,2116.6,2143,2116.2,2135.4,598575
2012/12/5,15:15:00,2137.8,2229.4,2135.6,2220,856917
2012/12/6,15:15:00,2221.6,2226.2,2204.4,2208.8,560819
2012/12/7,15:15:00,2212.4,2263,2210,2259.4,810380
2012/12/10,15:15:00,2269,2281.2,2260.6,2274,685272
2012/12/11,15:15:00,2271.6,2277.8,2262.8,2267.4,540428
2012/12/12,15:15:00,2269,2281,2261,2274.8,653648
2012/12/13,15:15:00,2273.8,2274.2,2253.8,2259.8,605573
2012/12/14,15:15:00,2261,2383.4,2258.6,2382.6,992370
2012/12/17,15:15:00,2381.6,2388.2,2372.8,2387,605907
2012/12/18,15:15:00,2387.4,2424.4,2361.8,2382.6,973730
2012/12/19,15:15:00,2379.2,2405.8,2376.4,2387.6,728369
2012/12/20,15:15:00,2378.6,2420.4,2367.6,2413.6,786084
2012/12/21,15:15:00,2419.4,2441.2,2386.2,2398.8,890857
2012/12/24,15:15:00,2396.8,2423.4,2394.8,2397.2,697559
2012/12/25,15:15:00,2391.8,2483.4,2388,2459.2,902626
2012/12/26,15:15:00,2460,2472,2460,2468,429400
2012/12/27,15:15:00,2480.8,2502.8,2460.2,2473.4,636113
2012/12/28,15:15:00,2473.2,2508,2469.2,2505.6,684150
2012/12/31,15:15:00,2509,2549.6,2508.4,2544.8,629011
2013/1/4,15:15:00,2571.2,2574,2510.2,2541,607696
2013/1/7,15:15:00,2546.2,2561.2,2531.2,2541.6,641934
2013/1/8,15:15:00,2545.4,2555.6,2514.4,2539.2,766882
2013/1/9,15:15:00,2540.4,2550.8,2516.6,2533.8,663362
2013/1/10,15:15:00,2538,2569.2,2521,2546.4,768572
2013/1/11,15:15:00,2550.2,2555.8,2490.2,2507.2,842615
2013/1/14,15:15:00,2505.8,2605.6,2498.8,2597,855692
2013/1/15,15:15:00,2597.2,2620.2,2595.2,2611.4,590508
2013/1/16,15:15:00,2614,2618.2,2548,2586.6,835268
2013/1/17,15:15:00,2587.4,2596.4,2554,2582.2,867193
2013/1/18,15:15:00,2587.4,2632,2571.2,2617,932226
2013/1/21,15:15:00,2621,2626.8,2594,2614.8,696653
2013/1/22,15:15:00,2618.6,2622.6,2586.2,2609.6,837908
2013/1/23,15:15:00,2610.8,2623.2,2589.4,2623,747295
2013/1/24,15:15:00,2622.8,2679.6,2580.4,2598.4,1043749
2013/1/25,15:15:00,2604.8,2608.6,2589,2600.8,547349
2013/1/28,15:15:00,2600.4,2666.6,2598.6,2661.4,823517
2013/1/29,15:15:00,2663.2,2693.8,2660.4,2678.8,630317
2013/1/30,15:15:00,2686,2708.2,2670.2,2707.6,662600
2013/1/31,15:15:00,2707.8,2712.2,2686,2709.2,680921
2013/2/1,15:15:00,2705.2,2762.6,2685.6,2756.2,926505
2013/2/4,15:15:00,2763,2778.6,2750,2761,690018
2013/2/5,15:15:00,2750.2,2805.4,2748.8,2786,822896
2013/2/6,15:15:00,2792,2812.2,2789.8,2802,581070
2013/2/7,15:15:00,2796.8,2808.4,2757.6,2801.8,832993
2013/2/8,15:15:00,2803.8,2832,2783.4,2788.8,722844
2013/2/18,15:15:00,2798.8,2807.2,2744.6,2759.2,630404
2013/2/19,15:15:00,2760,2763,2703.4,2716.4,674598
2013/2/20,15:15:00,2721,2724,2702.8,2717.8,565419
2013/2/21,15:15:00,2702.8,2705.2,2596.6,2622.2,806615
2013/2/22,15:15:00,2622.2,2632.2,2600.6,2600.6,463622
2013/2/25,15:15:00,2591.8,2648.4,2591.2,2611.8,756908
2013/2/26,15:15:00,2597.6,2644.6,2566.4,2571.4,860727
2013/2/27,15:15:00,2589,2628.2,2578.6,2594.6,919725
2013/2/28,15:15:00,2613.6,2690.8,2604,2685.8,920037
2013/3/1,15:15:00,2679.6,2689.8,2629.2,2674.2,772484
2013/3/4,15:15:00,2655.4,2655.4,2545,2555.8,908282
2013/3/5,15:15:00,2562.2,2634.6,2558,2624.2,963692
2013/3/6,15:15:00,2637,2672,2629.4,2657.4,898125
2013/3/7,15:15:00,2662.4,2667.2,2596.8,2624.6,983542
2013/3/8,15:15:00,2631.6,2646.2,2611,2621,818609
2013/3/11,15:15:00,2626.4,2628.4,2578.4,2602.6,811962
2013/3/12,15:15:00,2605.2,2631,2535.8,2562.8,1026553
2013/3/13,15:15:00,2560.6,2564.6,2519.8,2536.2,852822
2013/3/14,15:15:00,2525.2,2557,2512,2531.4,867023
2013/3/15,15:15:00,2536.8,2616.4,2507,2538.8,1204369
2013/3/18,15:15:00,2505.8,2557.6,2505.8,2513,821587
2013/3/19,15:15:00,2521.6,2545.4,2499.8,2530.6,845577
2013/3/20,15:15:00,2530.4,2614.2,2527.4,2611.6,1079584
2013/3/21,15:15:00,2622.2,2633.8,2604.6,2617.6,685049
2013/3/22,15:15:00,2615.6,2634.8,2608.6,2627,739176
2013/3/25,15:15:00,2633.8,2653.8,2610.6,2623.6,777107
2013/3/26,15:15:00,2616.6,2616.6,2554.4,2573.8,858680
2013/3/27,15:15:00,2580.4,2618.4,2564,2575,897685
2013/3/28,15:15:00,2567.4,2567.4,2494.2,2507.2,781159
2013/3/29,15:15:00,2502.6,2516,2482.6,2484,637590
2013/4/1,15:15:00,2481.4,2512,2472,2483.8,722143
2013/4/2,15:15:00,2491.4,2529,2468,2505.8,949990
2013/4/3,15:15:00,2504,2514.8,2475.2,2478.6,825856
2013/4/8,15:15:00,2448.2,2477.8,2436,2464.2,705962
2013/4/9,15:15:00,2474,2511.4,2471.6,2480.6,889684
2013/4/10,15:15:00,2485.2,2491.2,2464.6,2480.4,708549
2013/4/11,15:15:00,2496.6,2511.2,2465.6,2472.2,720085
2013/4/12,15:15:00,2474.4,2481.8,2454.6,2461.8,629459
2013/4/15,15:15:00,2441.2,2461,2422.2,2439.4,688354
2013/4/16,15:15:00,2422,2455.2,2416.2,2448.2,818870
2013/4/17,15:15:00,2456.4,2456.4,2427.8,2450.6,762773
2013/4/18,15:15:00,2430.6,2477.4,2421.2,2455,1000268
2013/4/19,15:15:00,2461,2543.8,2460,2532.4,1012882
2013/4/22,15:15:00,2524.4,2540.6,2519.6,2529.4,515383
2013/4/23,15:15:00,2533.8,2538.6,2438.8,2443.6,751583
2013/4/24,15:15:00,2455.4,2511,2440.4,2489.2,895579
2013/4/25,15:15:00,2485.4,2504,2448,2457.6,1035481
2013/4/26,15:15:00,2466.2,2486.4,2428.6,2435.8,793122
2013/5/2,15:15:00,2421.2,2443.2,2412,2435.6,601101
2013/5/3,15:15:00,2449.4,2516,2444.4,2482.8,912766
2013/5/6,15:15:00,2499.6,2523.8,2489,2505.8,790583
2013/5/7,15:15:00,2502.6,2527.8,2491.8,2521,746284
2013/5/8,15:15:00,2531.4,2558.6,2523.2,2539.4,815428
2013/5/9,15:15:00,2533.4,2538.2,2499.4,2516.6,747664
2013/5/10,15:15:00,2510.8,2541.6,2504.6,2539.6,873788
2013/5/13,15:15:00,2537.4,2542.4,2505.2,2511.4,794274
2013/5/14,15:15:00,2512.6,2519.4,2459.6,2477.4,857756
2013/5/15,15:15:00,2485.8,2491.6,2471.2,2476,666833
2013/5/16,15:15:00,2479,2532.6,2459.4,2529.4,997594
2013/5/17,15:15:00,2529.4,2586.6,2523.4,2574.4,819181
2013/5/20,15:15:00,2578.4,2618,2576.2,2594.6,724892
2013/5/21,15:15:00,2595.6,2607.8,2583.6,2600.8,604189
2013/5/22,15:15:00,2602,2617.8,2591.8,2603.2,748802
2013/5/23,15:15:00,2587.8,2614.6,2563.2,2571.4,841468
2013/5/24,15:15:00,2584.2,2605.6,2559.8,2588.8,888352
2013/5/27,15:15:00,2575.6,2602.8,2573,2574.4,663920
2013/5/28,15:15:00,2574,2635.4,2566.8,2633.8,848537
2013/5/29,15:15:00,2639.6,2656.6,2624,2628.2,630863
2013/5/30,15:15:00,2626.6,2637.8,2613,2626,617115
2013/5/31,15:15:00,2635.4,2640.2,2589.4,2600.6,694425
2013/6/3,15:15:00,2606.6,2620.4,2589.8,2597.6,611780
2013/6/4,15:15:00,2598.6,2599.8,2551,2563.2,707620
2013/6/5,15:15:00,2566,2567.8,2545,2554,493738
2013/6/6,15:15:00,2546.8,2559.2,2531,2535,615101
2013/6/7,15:15:00,2536.8,2539.8,2467.4,2476.2,652474
2013/6/13,15:15:00,2456,2458.4,2365.6,2383.2,648109
2013/6/14,15:15:00,2393.4,2407.8,2386.2,2395.4,517593
2013/6/17,15:15:00,2407.2,2420,2385.8,2394.2,621637
2013/6/18,15:15:00,2403.6,2409,2366.2,2401,708485
2013/6/19,15:15:00,2397.2,2397.2,2344,2384.2,869478
2013/6/20,15:15:00,2370,2372.6,2311,2320,754667
2013/6/21,15:15:00,2290.4,2316.6,2266.8,2298.6,849483
2013/6/24,15:15:00,2291.4,2293,2133.2,2135.2,935915
2013/6/25,15:15:00,2129.2,2150,1998.8,2115.4,1337553
2013/6/26,15:15:00,2128,2152.6,2095.8,2124.6,996538
2013/6/27,15:15:00,2139.8,2181.6,2097.4,2121.4,1102171
2013/6/28,15:15:00,2118,2218.4,2100.4,2169.8,1322503
2013/7/1,15:15:00,2160.8,2174.4,2108.6,2164.2,977291
2013/7/2,15:15:00,2173.2,2173.2,2134,2161,930743
2013/7/3,15:15:00,2151.8,2158.8,2109.8,2143,982652
2013/7/4,15:15:00,2138,2198.2,2120,2167,1180773
2013/7/5,15:15:00,2175,2199.2,2166.4,2168.4,926566
2013/7/8,15:15:00,2139.2,2158.6,2100.4,2121.2,929096
2013/7/9,15:15:00,2126.2,2136.6,2116.6,2118,678571
2013/7/10,15:15:00,2105,2194,2104.2,2191.4,1096492
2013/7/11,15:15:00,2203.6,2355.4,2199.6,2316.8,1313985
2013/7/12,15:15:00,2312.8,2321,2252.6,2271.6,875435
2013/7/15,15:15:00,2289.4,2335.8,2263.6,2288,1093067
2013/7/16,15:15:00,2283.6,2301.6,2257.4,2296.2,1020125
2013/7/17,15:15:00,2286.4,2319.4,2268.2,2270.4,1097617
2013/7/18,15:15:00,2267,2272.2,2218.8,2232,1006781
2013/7/19,15:15:00,2239.8,2246.6,2150.8,2156.4,1049219
2013/7/22,15:15:00,2140,2180,2124.8,2167,898917
2013/7/23,15:15:00,2171,2267.4,2171,2241.8,1204349
2013/7/24,15:15:00,2228,2241,2170.2,2230.2,1051080
2013/7/25,15:15:00,2224.2,2257.6,2189.4,2207.6,1198744
2013/7/26,15:15:00,2198.2,2215.6,2170.2,2189.6,935418
2013/7/29,15:15:00,2164,2166,2125,2160.2,815660
2013/7/30,15:15:00,2156.2,2209,2142.4,2164.8,1003483
2013/7/31,15:15:00,2176.2,2220.2,2160.4,2162.6,945563
2013/8/1,15:15:00,2172.8,2242.8,2172.8,2241,1200353
2013/8/2,15:15:00,2253.2,2268.4,2227.2,2237.4,920804
2013/8/5,15:15:00,2243.2,2271.8,2227.2,2263.2,899497
2013/8/6,15:15:00,2258,2296,2239.8,2276.2,961199
2013/8/7,15:15:00,2268.2,2306.6,2253.4,2255.6,1055162
2013/8/8,15:15:00,2271,2293.4,2252.6,2263.4,924600
2013/8/9,15:15:00,2271.8,2295.2,2234.2,2285.2,1091657
2013/8/12,15:15:00,2295.6,2356.2,2287.2,2346.6,1077729
2013/8/13,15:15:00,2359.6,2359.6,2337.4,2355,754814
2013/8/14,15:15:00,2365.4,2393.4,2341.8,2353.2,991855
2013/8/15,15:15:00,2359,2368.6,2318.6,2330,1277039
2013/8/16,15:15:00,2319.2,2408.2,2285.8,2289,1326913
2013/8/19,15:15:00,2281.4,2349,2277.4,2330.8,921573
2013/8/20,15:15:00,2325,2359,2300.2,2310.2,929673
2013/8/21,15:15:00,2325,2330.8,2290.4,2315.4,930937
2013/8/22,15:15:00,2300.4,2337,2298.6,2310.4,874646
2013/8/23,15:15:00,2328,2330,2245.2,2280.6,913970
2013/8/26,15:15:00,2303.8,2345.2,2287,2341.4,953121
2013/8/27,15:15:00,2340.6,2348.2,2320.2,2340,688734
2013/8/28,15:15:00,2329.2,2349,2291.2,2324.4,967653
2013/8/29,15:15:00,2335.8,2345.2,2297.2,2316.4,916694
2013/8/30,15:15:00,2311.6,2329.4,2292,2303.8,938781
2013/9/2,15:15:00,2321.6,2330.4,2293.4,2330,839904
2013/9/3,15:15:00,2338.2,2355.2,2322.4,2350.6,878692
2013/9/4,15:15:00,2349,2353.4,2341,2344.2,535241
2013/9/5,15:15:00,2349.6,2350.4,2330.8,2343,617209
2013/9/6,15:15:00,2335.4,2360,2332.2,2356.6,720071
2013/9/9,15:15:00,2366,2448,2363,2436.2,928504
2013/9/10,15:15:00,2438.4,2477,2435,2474.4,684927
2013/9/11,15:15:00,2481.8,2499.4,2470,2483,739077
2013/9/12,15:15:00,2482.4,2526.4,2473,2505.8,890519
2013/9/13,15:15:00,2500,2514.6,2484.6,2500,689862
2013/9/16,15:15:00,2508.8,2512.8,2476.6,2484.6,770604
2013/9/17,15:15:00,2478.6,2485.2,2438.8,2445.2,829922
2013/9/18,15:15:00,2445.4,2449.4,2415.6,2439.6,800581
2013/9/23,15:15:00,2440,2485.4,2431.4,2472,813382
2013/9/24,15:15:00,2473.6,2477.4,2424.4,2451.8,799941
2013/9/25,15:15:00,2452.4,2464,2431.6,2438,710492
2013/9/26,15:15:00,2434.4,2437.4,2386.2,2393.8,810367
2013/9/27,15:15:00,2391,2405.6,2383.6,2401.4,582556
2013/9/30,15:15:00,2399.4,2427,2399.4,2412,495506
2013/10/8,15:15:00,2404.8,2450.4,2392.8,2442.2,641189
2013/10/9,15:15:00,2435.8,2459.4,2428.8,2459,570183
2013/10/10,15:15:00,2460,2463.8,2419.4,2431.6,745153
2013/10/11,15:15:00,2451.4,2475.6,2439,2469.4,866948
2013/10/14,15:15:00,2468,2481.2,2464,2473,653213
2013/10/15,15:15:00,2478.8,2483,2446.8,2464,633128
2013/10/16,15:15:00,2460.4,2461.8,2412.8,2426.8,820701
2013/10/17,15:15:00,2437.8,2441.2,2408.2,2408.2,714783
2013/10/18,15:15:00,2409.8,2434.2,2404,2416.8,760933
2013/10/21,15:15:00,2422.4,2474.8,2415.2,2467.4,740582
2013/10/22,15:15:00,2470.2,2472,2434.8,2446.8,640700
2013/10/23,15:15:00,2449.8,2476,2410,2419.6,887265
2013/10/24,15:15:00,2413.2,2425.2,2396.2,2406,780437
2013/10/25,15:15:00,2407.4,2413,2348,2361,857884
2013/10/28,15:15:00,2366.4,2374.6,2349.6,2364.6,631834
2013/10/29,15:15:00,2368.6,2406.2,2329.8,2369.2,1059940
2013/10/30,15:15:00,2375.4,2401.2,2362.4,2392.8,866154
2013/10/31,15:15:00,2390.8,2391.4,2366.2,2381.8,752985
2013/11/1,15:15:00,2379.4,2399,2367.4,2392.2,722558
2013/11/4,15:15:00,2393.4,2410.6,2376,2385.2,638493
2013/11/5,15:15:00,2383.6,2390.4,2345,2382.6,771418
2013/11/6,15:15:00,2383.6,2385.4,2349,2352,712345
2013/11/7,15:15:00,2352.6,2360,2334,2350.4,751248
2013/11/8,15:15:00,2343.2,2349.8,2308.8,2312.2,783484
2013/11/11,15:15:00,2314.4,2325.2,2296.6,2319.6,725162
2013/11/12,15:15:00,2328,2344.8,2317.8,2332.8,795933
2013/11/13,15:15:00,2327.8,2327.8,2289.2,2291.2,782279
2013/11/14,15:15:00,2291.8,2305.8,2283.8,2298.6,750410
2013/11/15,15:15:00,2303.8,2381.4,2302,2345.8,1011567
2013/11/18,15:15:00,2365.6,2423.6,2358,2416.8,946812
2013/11/19,15:15:00,2418.2,2422.2,2404.6,2416.6,586146
2013/11/20,15:15:00,2421,2443,2405.8,2431.8,741724
2013/11/21,15:15:00,2425.4,2425.4,2387.6,2415.8,770911
2013/11/22,15:15:00,2429,2434.8,2398,2408.2,764274
2013/11/25,15:15:00,2400.4,2427,2382.6,2391.4,764218
2013/11/26,15:15:00,2386.6,2406.2,2384.8,2392.2,688222
2013/11/27,15:15:00,2386.2,2437.2,2384.4,2423.6,847801
2013/11/28,15:15:00,2430,2478,2426.4,2450.2,876567
2013/11/29,15:15:00,2451.6,2460.2,2445,2458.4,529621
2013/12/2,15:15:00,2435,2479,2413.4,2435,985472
2013/12/3,15:15:00,2427,2464.8,2425.2,2453.4,719417
2013/12/4,15:15:00,2448.8,2502,2448.2,2484,895647
2013/12/5,15:15:00,2489.2,2491,2474,2485.4,574746
2013/12/6,15:15:00,2483.4,2483.4,2459.2,2469,628075
2013/12/9,15:15:00,2479.2,2490.8,2461,2463.6,573091
2013/12/10,15:15:00,2465.2,2480.8,2459.2,2464.4,651832
2013/12/11,15:15:00,2458.8,2459.8,2410.4,2423.4,638686
2013/12/12,15:15:00,2422.2,2432,2415.2,2415.6,510861
2013/12/13,15:15:00,2403.8,2430.6,2388.6,2416.2,695480
2013/12/16,15:15:00,2411.6,2427.8,2367,2368.2,703434
2013/12/17,15:15:00,2374.8,2378.8,2358.4,2361,591114
2013/12/18,15:15:00,2360.6,2375.2,2360.4,2372.8,535835
2013/12/19,15:15:00,2382.2,2383.2,2345.4,2349.2,767393
2013/12/20,15:15:00,2354,2357.4,2296.6,2303,873942
2013/12/23,15:15:00,2309.2,2317.2,2277.6,2309.8,696630
2013/12/24,15:15:00,2311.4,2337.8,2285.4,2309.2,790809
2013/12/25,15:15:00,2315,2330.8,2303,2323,746495
2013/12/26,15:15:00,2325.4,2327.8,2283,2297.8,702808
2013/12/27,15:15:00,2300.2,2349,2292,2330.6,916360
2013/12/30,15:15:00,2345.8,2345.8,2319.2,2328.4,590553
2013/12/31,15:15:00,2320.4,2359,2309.2,2349,850624
2014/1/2,15:15:00,2343,2348.8,2329.2,2335.8,542528
2014/1/3,15:15:00,2317.8,2331.4,2289.8,2306.2,625123
2014/1/6,15:15:00,2297.6,2300.4,2234.6,2244,676271
2014/1/7,15:15:00,2237.8,2255.6,2220,2241.4,659960
2014/1/8,15:15:00,2248.4,2271.6,2231.8,2243.4,762650
2014/1/9,15:15:00,2244,2267,2223.4,2226.4,759213
2014/1/10,15:15:00,2226.4,2234,2209.6,2221.4,728881
2014/1/13,15:15:00,2227,2231.8,2194,2208.4,678375
2014/1/14,15:15:00,2201.8,2228,2190.6,2222.8,742917
2014/1/15,15:15:00,2225.8,2226.4,2201.6,2217,615602
2014/1/16,15:15:00,2221.6,2240,2209.6,2220.8,793503
2014/1/17,15:15:00,2211.6,2220.2,2191.2,2202,791879
2014/1/20,15:15:00,2202.6,2204.8,2177,2188.4,607298
2014/1/21,15:15:00,2188.8,2220,2186.8,2210,687310
2014/1/22,15:15:00,2210.2,2259.4,2210.2,2258,787382
2014/1/23,15:15:00,2258.8,2259,2239.6,2247.4,552830
2014/1/24,15:15:00,2239,2273.8,2233.4,2255.6,753876
2014/1/27,15:15:00,2236.4,2245.8,2220.4,2230.8,566091
2014/1/28,15:15:00,2228.8,2251.2,2221.4,2234.6,608898
2014/1/29,15:15:00,2241.8,2250.4,2235.8,2244.2,495809
2014/1/30,15:15:00,2237.2,2240.2,2200.2,2202.4,462439
2014/2/7,15:15:00,2195.8,2219.6,2182.6,2218.6,498082
2014/2/10,15:15:00,2226.8,2272,2226,2263.6,653038
2014/2/11,15:15:00,2264,2289.8,2262,2279.4,670501
2014/2/12,15:15:00,2285.6,2292.4,2277.6,2286.2,538610
2014/2/13,15:15:00,2284.8,2291.8,2272.6,2274.4,575544
2014/2/14,15:15:00,2276.8,2291.2,2274.8,2290.2,550480
2014/2/17,15:15:00,2300.4,2321.2,2297,2309.8,645696
2014/2/18,15:15:00,2310.8,2311,2276.2,2283.8,579841
2014/2/19,15:15:00,2284.6,2315.8,2279.2,2308.2,745556
2014/2/20,15:15:00,2311.2,2329.8,2281,2283.4,770989
2014/2/21,15:15:00,2288,2291.6,2256.8,2266.6,609925
2014/2/24,15:15:00,2253.4,2253.4,2186.6,2206.4,663675
2014/2/25,15:15:00,2214.2,2218.8,2144.4,2145.8,723201
2014/2/26,15:15:00,2142.8,2158,2132.4,2149.2,701708
2014/2/27,15:15:00,2155.4,2169.6,2140.8,2148.2,800030
2014/2/28,15:15:00,2157,2176,2119.6,2173.2,870301
2014/3/3,15:15:00,2165.2,2184.4,2152.4,2163.2,714932
2014/3/4,15:15:00,2160,2170.8,2139.6,2168.4,770575
2014/3/5,15:15:00,2176.8,2181,2144.6,2148,713113
2014/3/6,15:15:00,2141.8,2171.6,2116.6,2165.6,961802
2014/3/7,15:15:00,2165.4,2175.2,2138.4,2138.6,766792
2014/3/10,15:15:00,2117.4,2125,2057.8,2060.2,756301
2014/3/11,15:15:00,2062.8,2099.4,2058.4,2083.6,845043
2014/3/12,15:15:00,2069.2,2092.8,2059.2,2079.2,904175
2014/3/13,15:15:00,2085.6,2115.2,2082.6,2097.4,875824
2014/3/14,15:15:00,2089,2097.4,2076.8,2088.4,640483
2014/3/17,15:15:00,2087.8,2134.6,2084.6,2122.6,771953
2014/3/18,15:15:00,2126.8,2128,2096.6,2097,648361
2014/3/19,15:15:00,2101.4,2101.8,2072.8,2101.6,821199
2014/3/20,15:15:00,2096,2116.6,2041.6,2047.8,943972
2014/3/21,15:15:00,2047.6,2156.8,2041.8,2142.6,1161642
2014/3/24,15:15:00,2139.6,2151.6,2121.8,2138.4,740361
2014/3/25,15:15:00,2138,2164,2131.2,2139.6,749090
2014/3/26,15:15:00,2148.2,2153.6,2133,2140.2,657906
2014/3/27,15:15:00,2135.4,2169.4,2114.2,2121.4,959511
2014/3/28,15:15:00,2128.6,2153.4,2124.8,2131.6,881889
2014/3/31,15:15:00,2132.8,2155.4,2119.2,2131.6,726682
2014/4/1,15:15:00,2136.2,2164.6,2128.6,2146.4,785394
2014/4/2,15:15:00,2148.4,2166.4,2146.6,2162,710749
2014/4/3,15:15:00,2166.6,2183.2,2146.8,2147.8,730717
2014/4/4,15:15:00,2145,2178,2140.2,2175.8,735356
2014/4/8,15:15:00,2169.8,2239.4,2167.4,2236.2,898193
2014/4/9,15:15:00,2238.2,2248.6,2226.4,2226.6,601334
2014/4/10,15:15:00,2232.8,2287.8,2226.2,2276.4,940106
2014/4/11,15:15:00,2273.6,2276.4,2253.8,2262.2,697134
2014/4/14,15:15:00,2261.6,2272.6,2253,2262.8,573361
2014/4/15,15:15:00,2264.8,2268.2,2217.4,2224.6,727732
2014/4/16,15:15:00,2219.2,2240.6,2213.6,2222.2,814095
2014/4/17,15:15:00,2230.4,2237.2,2215.6,2218.4,757530
2014/4/18,15:15:00,2212.2,2225.4,2186.6,2215.4,854166
2014/4/21,15:15:00,2201.8,2229.6,2166.2,2170,788000
2014/4/22,15:15:00,2166,2188.2,2155.2,2178.6,768364
2014/4/23,15:15:00,2181.6,2187.6,2166.6,2175,660317
2014/4/24,15:15:00,2175.8,2195.6,2165.6,2173.4,728544
2014/4/25,15:15:00,2174.6,2185,2156.8,2162.6,797373
2014/4/28,15:15:00,2151.4,2163.4,2131.2,2133.6,676978
2014/4/29,15:15:00,2133.4,2159.4,2132.2,2151.4,591270
2014/4/30,15:15:00,2149.6,2152.6,2136.6,2137.8,445279
2014/5/5,15:15:00,2140.2,2157,2115.6,2148.2,690990
2014/5/6,15:15:00,2145.6,2168.2,2135.2,2137.4,680632
2014/5/7,15:15:00,2134.6,2144.2,2126.4,2127.8,617160
2014/5/8,15:15:00,2127.8,2165.6,2124.4,2128.8,848449
2014/5/9,15:15:00,2127.4,2137.2,2116.8,2129.8,734996
2014/5/12,15:15:00,2146,2178.2,2134,2171.2,888412
2014/5/13,15:15:00,2173.6,2173.8,2156,2157.6,538406
2014/5/14,15:15:00,2160.2,2172.4,2152.8,2155.6,663543
2014/5/15,15:15:00,2154,2157.4,2132.4,2135.4,599189
2014/5/16,15:15:00,2130.6,2142,2122.6,2128.2,658094
2014/5/19,15:15:00,2123.8,2128,2087.4,2097,688278
2014/5/20,15:15:00,2112.8,2117.2,2094.2,2096.8,565875
2014/5/21,15:15:00,2094,2125.4,2080.2,2116.8,812098
2014/5/22,15:15:00,2122.4,2152,2111.2,2112,827612
2014/5/23,15:15:00,2113.4,2141.4,2113.4,2141.2,750339
2014/5/26,15:15:00,2144.2,2161.6,2134,2146,625780
2014/5/27,15:15:00,2146.8,2152.4,2136.2,2140,606841
2014/5/28,15:15:00,2140,2171.8,2125,2171.6,860556
2014/5/29,15:15:00,2173,2175,2148.2,2152,594193
2014/5/30,15:15:00,2151.6,2163.6,2141.8,2146.8,687818
2014/6/3,15:15:00,2155.4,2161.4,2138.6,2139.4,542743
2014/6/4,15:15:00,2139.4,2142.2,2112.6,2125,592106
2014/6/5,15:15:00,2123,2154.2,2120.4,2149.2,655314
2014/6/6,15:15:00,2151.4,2151.4,2113.2,2125.2,753940
2014/6/9,15:15:00,2126,2152.2,2115.6,2127.6,851109
2014/6/10,15:15:00,2129.8,2158.4,2125.4,2156.6,936416
2014/6/11,15:15:00,2154.2,2156.4,2143.8,2150.4,645499
2014/6/12,15:15:00,2149.6,2156.8,2144.8,2148.6,533161
2014/6/13,15:15:00,2146.4,2184.2,2132.8,2175.8,908882
2014/6/16,15:15:00,2178.8,2196.8,2172.8,2186,652989
2014/6/17,15:15:00,2186.4,2186.4,2169.2,2170.8,537838
2014/6/18,15:15:00,2170.8,2178.2,2160.6,2162.2,554825
2014/6/19,15:15:00,2164.2,2167.2,2120.2,2132.6,699153
2014/6/20,15:15:00,2133,2141,2125.8,2135.2,624829
2014/6/23,15:15:00,2137.4,2150.4,2124.6,2125.8,617860
2014/6/24,15:15:00,2123.6,2141.2,2123.6,2134.8,592677
2014/6/25,15:15:00,2133.6,2136.4,2117.8,2129,572754
2014/6/26,15:15:00,2130.6,2148.8,2130.6,2138.6,649664
2014/6/27,15:15:00,2138.4,2158,2131.2,2146,612542
2014/6/30,15:15:00,2146.4,2168.6,2146.4,2157.2,630336
2014/7/1,15:15:00,2160.4,2172.8,2149,2159.2,544085
2014/7/2,15:15:00,2161.4,2167.6,2146.4,2166.4,648794
2014/7/3,15:15:00,2168.8,2181.6,2160.6,2170.6,681084
2014/7/4,15:15:00,2174,2175.6,2164,2169.4,487074
2014/7/7,15:15:00,2169.2,2176.6,2159.2,2165,506669
2014/7/8,15:15:00,2164.4,2170,2152.8,2168.6,566224
2014/7/9,15:15:00,2166.6,2169.2,2132.8,2133.2,605910
2014/7/10,15:15:00,2135,2141.6,2130.2,2134,407064
2014/7/11,15:15:00,2132,2151.6,2132,2139.4,595060
2014/7/14,15:15:00,2142,2166.8,2139.6,2164,599861
2014/7/15,15:15:00,2166.2,2170,2158.4,2163.6,485925
2014/7/16,15:15:00,2164.8,2175.2,2161.6,2162.6,559246
2014/7/17,15:15:00,2163.4,2164.8,2142.4,2154,602348
2014/7/18,15:15:00,2148.2,2172.6,2146.6,2160,738421
2014/7/21,15:15:00,2160.2,2166.6,2151.8,2158.8,470894
2014/7/22,15:15:00,2157.6,2197.4,2153,2188,722314
2014/7/23,15:15:00,2189.4,2208,2183.6,2191.8,658445
2014/7/24,15:15:00,2193,2244.6,2192.2,2242.6,946945
2014/7/25,15:15:00,2244.6,2282,2241.4,2278,660120
2014/7/28,15:15:00,2279,2359.6,2278.4,2339.8,990968
2014/7/29,15:15:00,2343.6,2362,2332.6,2339.2,748813
2014/7/30,15:15:00,2334,2351.4,2328.8,2333,774154
2014/7/31,15:15:00,2333.2,2375.8,2327.8,2375.4,846249
2014/8/1,15:15:00,2369.2,2396.4,2338.2,2347.6,1036118
2014/8/4,15:15:00,2348.4,2397.8,2348.4,2392.4,996064
2014/8/5,15:15:00,2394.6,2400,2366.8,2374.2,914210
2014/8/6,15:15:00,2374.2,2382.4,2343.2,2367.8,966081
2014/8/7,15:15:00,2372.2,2381.6,2337.2,2341,959335
2014/8/8,15:15:00,2341,2355.6,2332.2,2344.8,795926
2014/8/11,15:15:00,2352.6,2381.4,2348.6,2366.4,856117
2014/8/12,15:15:00,2369.4,2373.2,2351.6,2372.8,736073
2014/8/13,15:15:00,2373.8,2378.8,2341.4,2367.6,952077
2014/8/14,15:15:00,2371,2377.4,2341.8,2346,923789
2014/8/15,15:15:00,2351.4,2386.2,2346.6,2380,911674
2014/8/18,15:15:00,2381,2396,2370.2,2378.8,725463
2014/8/19,15:15:00,2382,2386.4,2359.8,2377,720446
2014/8/20,15:15:00,2376.6,2380.6,2363.6,2367,688781
2014/8/21,15:15:00,2369.4,2371.8,2338.8,2357.8,712617
2014/8/22,15:15:00,2359,2377.2,2354.4,2375.8,717768
2014/8/25,15:15:00,2376.2,2380,2345.4,2352,703685
2014/8/26,15:15:00,2352,2359.4,2332,2341.6,751962
2014/8/27,15:15:00,2341.8,2351,2337.4,2340.2,534797
2014/8/28,15:15:00,2341,2347.6,2325.6,2334.8,653731
2014/8/29,15:15:00,2332.8,2356.4,2332.6,2355.4,604425
2014/9/1,15:15:00,2356.6,2362.4,2346,2353.4,573963
2014/9/2,15:15:00,2355.4,2399.2,2351.4,2393.8,841435
2014/9/3,15:15:00,2397.8,2429,2395.6,2416.4,861154
2014/9/4,15:15:00,2418.4,2451,2415.8,2450.8,817189
2014/9/5,15:15:00,2454.6,2480.4,2448.6,2475.8,923025
2014/9/9,15:15:00,2476.4,2478.4,2455,2463.8,650801
2014/9/10,15:15:00,2457.4,2459,2434,2447.6,712701
2014/9/11,15:15:00,2447.4,2483.4,2424.2,2424.8,1153425
2014/9/12,15:15:00,2425.4,2451,2422.4,2445.8,859471
2014/9/15,15:15:00,2437.8,2448.2,2427.8,2440.4,759875
2014/9/16,15:15:00,2441,2459.4,2394.2,2401.4,1156091
2014/9/17,15:15:00,2412.2,2415.8,2395.4,2410.8,839768
2014/9/18,15:15:00,2409.8,2425.2,2400,2416.2,927720
2014/9/19,15:15:00,2420.2,2448.8,2414,2444.6,961937
2014/9/22,15:15:00,2442,2442,2379.2,2392.4,865489
2014/9/23,15:15:00,2390,2420,2390,2407.6,796344
2014/9/24,15:15:00,2406.6,2473,2397.4,2472.2,1095229
2014/9/25,15:15:00,2479.2,2499.8,2449.2,2459,1041047
2014/9/26,15:15:00,2451.2,2468,2439,2454.8,890089
2014/9/29,15:15:00,2454.6,2466,2444,2458.8,646520
2014/9/30,15:15:00,2462.8,2470,2449.4,2457.6,594468
2014/10/8,15:15:00,2469.8,2490,2451.4,2488,736785
2014/10/9,15:15:00,2491.2,2499,2471.6,2480.2,702168
2014/10/10,15:15:00,2473.4,2487.2,2461.4,2474.2,772947
2014/10/13,15:15:00,2470.6,2471,2430.2,2459,810049
2014/10/14,15:15:00,2454.2,2467,2428.4,2443,845913
2014/10/15,15:15:00,2444.4,2467.6,2430.4,2459.8,1023140
2014/10/16,15:15:00,2451,2482,2443.4,2452,1199645
2014/10/17,15:15:00,2454.8,2463,2426.6,2446.4,1027551
2014/10/20,15:15:00,2455.8,2461.4,2444.6,2455.8,682608
2014/10/21,15:15:00,2456,2465,2438.4,2441.4,791870
2014/10/22,15:15:00,2444.4,2454.6,2428.2,2430.6,748913
2014/10/23,15:15:00,2428.6,2438.4,2404.8,2407.6,867759
2014/10/24,15:15:00,2409.8,2415.4,2398.4,2399,656563
2014/10/27,15:15:00,2393.6,2393.6,2370.8,2383.2,754631
2014/10/28,15:15:00,2385.2,2430.2,2385.2,2428,785989
2014/10/29,15:15:00,2431.4,2472.8,2426.2,2460.2,953511
2014/10/30,15:15:00,2461.2,2475.4,2454.4,2471.6,904396
2014/10/31,15:15:00,2475.2,2526.8,2473.4,2525.6,1211598
2014/11/3,15:15:00,2527.4,2531.8,2510.8,2513.8,731421
2014/11/4,15:15:00,2510.6,2520.2,2507.6,2513.6,675448
2014/11/5,15:15:00,2514.8,2526.8,2502.6,2517.6,811618
2014/11/6,15:15:00,2518.4,2523.4,2492.2,2520.6,900900
2014/11/7,15:15:00,2523.4,2552.4,2489.6,2499.8,1317110
2014/11/10,15:15:00,2522.2,2572.6,2512,2569,1222513
2014/11/11,15:15:00,2566.2,2594.6,2536.2,2554,1540582
2014/11/12,15:15:00,2555.6,2594.8,2548,2588.8,1122691
2014/11/13,15:15:00,2588.6,2593,2566,2575.8,1210059
2014/11/14,15:15:00,2573.6,2583.2,2554.2,2583.2,1048237
2014/11/17,15:15:00,2599.8,2618.4,2565.2,2572.6,1329870
2014/11/18,15:15:00,2572.8,2575.4,2541,2549.8,977317
2014/11/19,15:15:00,2548.6,2557.4,2537.6,2541.4,867854
2014/11/20,15:15:00,2535.8,2554.8,2526.8,2554.8,948654
2014/11/21,15:15:00,2553.4,2606.8,2540.8,2605.4,1179710
2014/11/24,15:15:00,2626,2700.8,2620.2,2678.6,1371888
2014/11/25,15:15:00,2683.4,2731.8,2674.4,2729.4,1075368
2014/11/26,15:15:00,2720.6,2754.6,2718,2750.4,1307171
2014/11/27,15:15:00,2752.4,2770.8,2731.6,2758.4,1184754
2014/11/28,15:15:00,2757.2,2829,2745,2829,1299202
2014/12/1,15:15:00,2823.2,2846,2800.8,2812.8,1214035
2014/12/2,15:15:00,2810.8,2991.4,2809.4,2939.8,1968113
2014/12/3,15:15:00,2948,3064.4,2946,3001.2,2303389
2014/12/4,15:15:00,3006.6,3204.2,3006.6,3201.6,2159674
2014/12/5,15:15:00,3216.6,3266.8,3116,3193,2413050
2014/12/8,15:15:00,3172.4,3358.8,3143.8,3337.6,2049584
2014/12/9,15:15:00,3323.8,3481.4,3014.4,3152.6,2930128
2014/12/10,15:15:00,3166.8,3320.4,3137.4,3251.8,2501205
2014/12/11,15:15:00,3223,3303.8,3198.6,3235,2041015
2014/12/12,15:15:00,3242.8,3323.6,3221,3251.2,1758553
2014/12/15,15:15:00,3246.4,3308.8,3206.2,3279.8,1404741
2014/12/16,15:15:00,3276,3384,3271.4,3377.2,1886856
2014/12/17,15:15:00,3391.2,3492.4,3376.2,3492.2,2230010
2014/12/18,15:15:00,3515,3553.4,3464.8,3515.6,1802071
2014/12/19,15:15:00,3527.6,3541.2,3403,3530,1784296
2014/12/22,15:15:00,3533.4,3540.2,3417,3420,1810607
2014/12/23,15:15:00,3420.4,3490,3334.4,3335.4,1792205
2014/12/24,15:15:00,3334.8,3370,3210.6,3279.2,1997078
2014/12/25,15:15:00,3292.6,3402.8,3272,3401.4,1940099
2014/12/26,15:15:00,3404.2,3537.4,3375.8,3508.8,2000158
2014/12/29,15:15:00,3544.6,3619.8,3436,3502.4,1932218
2014/12/30,15:15:00,3506,3560.8,3473.2,3516.8,2044955
2014/12/31,15:15:00,3520,3626.8,3513.6,3626,1526454
2015/1/5,15:15:00,3645.8,3806.4,3623.8,3713,1500643
2015/1/6,15:15:00,3704,3750.2,3656.8,3705,1737699
2015/1/7,15:15:00,3705.8,3726.6,3662,3715.8,1475006
2015/1/8,15:15:00,3725.6,3730.8,3605.2,3613.2,1807466
2015/1/9,15:15:00,3619.4,3763.4,3563,3579,2038525
2015/1/12,15:15:00,3605.6,3613.4,3506,3587.4,1539983
2015/1/13,15:15:00,3588.4,3613,3553.8,3583.6,1349288
2015/1/14,15:15:00,3587,3613.2,3526.4,3566.4,1382198
2015/1/15,15:15:00,3566.2,3711.2,3545,3710.2,1766348
2015/1/16,15:15:00,3710.4,3740,3688.4,3699.8,1511496
2015/1/19,15:15:00,3572.4,3572.4,3344.6,3345.2,1297466
2015/1/20,15:15:00,3329.8,3474.2,3325.4,3427.4,2048219
2015/1/21,15:15:00,3437.2,3607.6,3437.2,3579,1710330
2015/1/22,15:15:00,3589.8,3622.6,3554.4,3592,1368861
2015/1/23,15:15:00,3611.4,3678.4,3583.2,3629.6,1665037
2015/1/26,15:15:00,3619.2,3662.6,3602,3655.6,1210104
2015/1/27,15:15:00,3668,3671.4,3534,3603,1515865
2015/1/28,15:15:00,3596.4,3627.6,3538,3552,1555853
2015/1/29,15:15:00,3496.2,3539.8,3476,3517.2,1407556
2015/1/30,15:15:00,3524.8,3557.4,3442.2,3451,1589453
2015/2/2,15:15:00,3399.8,3444,3371.6,3414,1267068
2015/2/3,15:15:00,3419.4,3487.4,3400.4,3480.4,1406441
2015/2/4,15:15:00,3479.2,3532.4,3408.6,3416.6,1421554
2015/2/5,15:15:00,3518,3562.8,3369,3380.4,1808881
2015/2/6,15:15:00,3382.4,3416,3312.6,3373,1533764
2015/2/9,15:15:00,3356.2,3429.6,3343.8,3410.6,1483136
2015/2/10,15:15:00,3403.2,3475.2,3389.2,3474.8,1545688
2015/2/11,15:15:00,3482,3506,3470.8,3488,1254080
2015/2/12,15:15:00,3491.4,3507.8,3455.2,3496.2,1083933
2015/2/13,15:15:00,3499.4,3571.8,3498.8,3507.8,1382845
2015/2/16,15:15:00,3515,3562.6,3511,3558.6,882121
2015/2/17,15:15:00,3560.8,3595.4,3557.6,3572.6,872129
2015/2/25,15:15:00,3578.2,3583.8,3487.2,3504.4,966332
2015/2/26,15:15:00,3505.2,3637.4,3489.6,3634.2,1138319
2015/2/27,15:15:00,3637.4,3641.8,3591.4,3608,1026427
2015/3/2,15:15:00,3653.2,3653.2,3599.8,3628.8,1246053
2015/3/3,15:15:00,3623.8,3623.8,3527.2,3559.2,1230649
2015/3/4,15:15:00,3554.2,3581.4,3520.8,3550.6,1278654
2015/3/5,15:15:00,3547.8,3550.4,3490.4,3525,1290957
2015/3/6,15:15:00,3526.2,3546.8,3498,3507,1091742
2015/3/9,15:15:00,3486.8,3593.8,3437.2,3585.6,1326117
2015/3/10,15:15:00,3590,3591.4,3541.6,3546.8,1139937
2015/3/11,15:15:00,3538,3616.8,3532.2,3561.6,1348611
2015/3/12,15:15:00,3576.4,3648,3575,3614,1456315
2015/3/13,15:15:00,3632.8,3673.2,3619.4,3646,1290899
2015/3/16,15:15:00,3642.6,3739.2,3641.8,3738,1251775
2015/3/17,15:15:00,3754.2,3797,3749.8,3796.4,1403667
2015/3/18,15:15:00,3801.2,3900.6,3794.4,3861,1511280
2015/3/19,15:15:00,3878.2,3888.6,3851.4,3870.4,1270864
2015/3/20,15:15:00,3881.8,3948.6,3860.4,3937.6,1768389
2015/3/23,15:15:00,3967.6,4019.6,3965,4013.2,1428039
2015/3/24,15:15:00,4020.8,4026.2,3938,3981.8,1522604
2015/3/25,15:15:00,3984.8,4002.8,3930,3969.8,1421698
2015/3/26,15:15:00,3958.4,4005.2,3903.8,3947.2,1795203
2015/3/27,15:15:00,3947,4000.6,3936.4,3995.8,1423153
2015/3/30,15:15:00,3999.8,4153.2,3999.8,4147.8,1422053
2015/3/31,15:15:00,4179,4208.8,4017.4,4043.4,1818532
2015/4/1,15:15:00,4054.8,4178.4,4054.8,4130.8,1739401
2015/4/2,15:15:00,4158.2,4182.6,4060.8,4115.6,1703369
2015/4/3,15:15:00,4103.2,4222.2,4090.8,4214.8,1814089
2015/4/7,15:15:00,4239.8,4263,4191.4,4248.8,1394231
2015/4/8,15:15:00,4247,4291.2,4200,4251.6,1739388
2015/4/9,15:15:00,4254.4,4278.2,4186.4,4229.6,1836113
2015/4/10,15:15:00,4231.4,4385.4,4217.8,4382.8,1699942
2015/4/13,15:15:00,4405.8,4446,4366.2,4428.8,1489756
2015/4/14,15:15:00,4423.2,4483,4384.6,4422.2,1740283
2015/4/15,15:15:00,4424.8,4468.8,4377.4,4384,1942904
2015/4/16,15:15:00,4388.6,4561.6,4377.4,4556.2,1924575
2015/4/17,15:15:00,4562.8,4665,4556.2,4609.4,1779283
2015/4/20,15:15:00,4605,4685.2,4494.8,4520,1894990
2015/4/21,15:15:00,4543.4,4633.8,4532.2,4623.6,1641559
2015/4/22,15:15:00,4640.6,4768,4637.2,4766.6,1441626
2015/4/23,15:15:00,4772.2,4794.4,4700,4721.8,1653711
2015/4/24,15:15:00,4696.6,4737.8,4621.8,4729.2,1614501
2015/4/27,15:15:00,4747.8,4830.2,4744.2,4808.8,1522447
2015/4/28,15:15:00,4801.6,4814.6,4665.2,4724.4,1640807
2015/4/29,15:15:00,4709.4,4804.4,4705.6,4775.4,1374165
2015/4/30,15:15:00,4785.4,4828.6,4738,4770.6,1365274
2015/5/4,15:15:00,4785.4,4809,4716.8,4760.6,1152000
2015/5/5,15:15:00,4765.6,4771.2,4566,4614.8,1457077
2015/5/6,15:15:00,4623.6,4712.6,4529,4576.6,1724773
2015/5/7,15:15:00,4572.4,4585.2,4499.8,4506.2,1659278
2015/5/8,15:15:00,4528.8,4574.4,4454.8,4547.6,1709350
2015/5/11,15:15:00,4573.4,4670.4,4535.2,4659.8,1533741
2015/5/12,15:15:00,4659.8,4719.4,4636.6,4703,1474091
2015/5/13,15:15:00,4705.2,4713.8,4632.4,4656,1393969
2015/5/14,15:15:00,4663.8,4692,4639.2,4663.2,1412108
2015/5/15,15:15:00,4669.8,4674.2,4517.4,4558.2,1721536
2015/5/18,15:15:00,4569.8,4593,4525,4530,1295206
2015/5/19,15:15:00,4539.4,4777.2,4536.6,4771.4,1591072
2015/5/20,15:15:00,4778.2,4905,4739.8,4773.2,1631623
2015/5/21,15:15:00,4781.6,4901.2,4778.8,4889.4,1598112
2015/5/22,15:15:00,4904.6,5026,4892.4,5021.6,1582585
2015/5/25,15:15:00,4991.4,5189.4,4984.2,5157.2,1376943
2015/5/26,15:15:00,5170.4,5287.8,5152.2,5275.8,1632641
2015/5/27,15:15:00,5305.4,5370,5209.6,5292.2,1686566
2015/5/28,15:15:00,5308.6,5324.4,4852.4,4943.2,1960123
2015/5/29,15:15:00,4967.6,5027.2,4803.4,4899.4,1998421
2015/6/1,15:15:00,4908,5261,4886.6,5253.2,1580581
2015/6/2,15:15:00,5254.2,5336.2,5131.8,5269.2,1793934
2015/6/3,15:15:00,5283.6,5309.8,5137.8,5187.2,1980879
2015/6/4,15:15:00,5191.2,5278,4775.6,5255.4,2168640
2015/6/5,15:15:00,5265,5329.8,5086.6,5236,2058218
2015/6/8,15:15:00,5236,5390.8,5154.6,5333.4,1804105
2015/6/9,15:15:00,5343.4,5362,5187.4,5251.6,1791588
2015/6/10,15:15:00,5211.8,5392,5188.8,5253.6,1780145
2015/6/11,15:15:00,5278.2,5330.2,5223.2,5297.8,1555978
2015/6/12,15:15:00,5290,5376.4,5266.4,5361.6,1518095
2015/6/15,15:15:00,5356.8,5387.2,5171.4,5198.4,1689438
2015/6/16,15:15:00,5190,5196.4,5005.4,5069,1938191
2015/6/17,15:15:00,5086.4,5165.4,4967,5120.4,1909641
2015/6/18,15:15:00,5114.8,5124.6,4928,4941.2,1849939
2015/6/19,15:15:00,4977.6,4977.6,4551,4602.8,2283013
2015/6/23,15:15:00,4593.8,4815.2,4469.8,4736.4,2207919
2015/6/24,15:15:00,4756.8,4871.2,4707.8,4860.6,1926895
2015/6/25,15:15:00,4878.2,4908,4571.6,4587.8,2209492
2015/6/26,15:15:00,4584.4,4617.2,4213,4213,2355785
2015/6/29,15:15:00,4346,4404.8,3818.6,4009.2,3185557
2015/6/30,15:15:00,4064.6,4443.4,3976,4381,2512956
2015/7/1,15:15:00,4388,4479.8,4010.8,4056,2435322
2015/7/2,15:15:00,4167.2,4308.2,3933.4,4125.2,2791987
2015/7/3,15:15:00,4123.8,4201.8,3786.6,3930.8,2631323
2015/7/6,15:15:00,4250,4328.6,3812.6,4040.6,2176664
2015/7/7,15:15:00,4026.4,4026.4,3648,3674.6,1622458
2015/7/8,15:15:00,3574.8,3671.8,3449.2,3449.2,448649
2015/7/9,15:15:00,3327.2,3791.2,3303,3791,706522
2015/7/10,15:15:00,3793.6,4164.8,3764.2,4131.6,1254467
2015/7/13,15:15:00,4092.4,4246.8,4054.2,4060.8,1841169
2015/7/14,15:15:00,4069.2,4109.6,3900,3950,1854653
2015/7/15,15:15:00,3956.8,3967.6,3706.2,3733.2,1943492
2015/7/16,15:15:00,3704.4,3974.4,3607.2,3845.6,2465940
2015/7/17,15:15:00,3868.2,4151.6,3851.4,4062.6,2217278
2015/7/20,15:15:00,4079.8,4092.6,3843.8,3919.8,2035183
2015/7/21,15:15:00,3915,4021.2,3841.8,3938.8,2206775
2015/7/22,15:15:00,3936.2,3966.6,3839,3916.6,1769380
2015/7/23,15:15:00,3914.2,4202,3905.8,4167.2,1894038
2015/7/24,15:15:00,4175.2,4189.4,3954.6,3988.6,2014626
2015/7/27,15:15:00,3982.2,3992.8,3626.4,3626.4,1814080
2015/7/28,15:15:00,3599.6,3728.8,3538.4,3631.8,2348390
2015/7/29,15:15:00,3661.8,3804.2,3583.8,3798.2,2178765
2015/7/30,15:15:00,3796.4,3799.2,3563.6,3627.6,2356133
2015/7/31,15:15:00,3622.4,3753.4,3585.2,3662,2039295
2015/8/3,15:15:00,3635.2,3640.4,3534,3588.2,1358406
2015/8/4,15:15:00,3587.6,3832.8,3587.4,3797.8,1626132
2015/8/5,15:15:00,3798.4,3806.4,3692.8,3716,1561653
2015/8/6,15:15:00,3687.2,3816.8,3653.6,3727,1997252
2015/8/7,15:15:00,3726,3906,3726,3827.8,2083566
2015/8/10,15:15:00,3837.6,4070,3837.6,4013,1882454
2015/8/11,15:15:00,4028.6,4038,3965.4,3980.2,1898543
2015/8/12,15:15:00,3965,4025,3933.8,3941.6,2121004
2015/8/13,15:15:00,3950.8,4003.8,3900.6,3984.2,1902632
2015/8/14,15:15:00,3991.2,4034.8,3945.8,3961.2,1969916
2015/8/17,15:15:00,3949.8,3958.6,3866.8,3941,1824052
2015/8/18,15:15:00,3952.6,3978,3571,3660,2349411
2015/8/19,15:15:00,3646.4,3764.4,3570.6,3703.6,2524743
2015/8/20,15:15:00,3695.2,3720,3585.4,3610,2287290
2015/8/21,15:15:00,3588.4,3621,3404.8,3458.8,2505858
2015/8/24,15:15:00,3376.2,3376.2,3117.6,3117.6,1400381
2015/8/25,15:15:00,3037,3090.4,2805.6,2805.6,2476366
2015/8/26,15:15:00,2841.4,3002,2668.8,2725,1869386
2015/8/27,15:15:00,2799.6,3025.6,2799.6,3007,1815890
2015/8/28,15:15:00,3057.8,3201.8,2991.8,3161.8,1340096
2015/8/31,15:15:00,3145,3145,2954.8,3032.2,578180
2015/9/1,15:15:00,3040,3100.8,2852.8,2945.4,598142
2015/9/2,15:15:00,2896.2,3142.8,2860.6,2907.4,616367
2015/9/7,15:15:00,3025.4,3252.6,2996.6,3035,43015
2015/9/8,15:15:00,3049.4,3279,3014.4,3278.2,34085
2015/9/9,15:15:00,3303.4,3339.2,3249.8,3279.4,27899
2015/9/10,15:15:00,3254.4,3279.4,3217.2,3234.8,19160
2015/9/11,15:15:00,3245,3288,3208,3238.2,20147
2015/9/14,15:15:00,3274.6,3287.2,3002.8,3020,28817
2015/9/15,15:15:00,3026.8,3089.4,2975,3004,25393
2015/9/16,15:15:00,3022.4,3211.6,2970.6,3172.6,29497
2015/9/17,15:15:00,3176.8,3198.8,3068.2,3084,27148
2015/9/18,15:15:00,3106.6,3125,3066,3093,22610
2015/9/21,15:15:00,3045,3178.4,3038.6,3178.4,19003
2015/9/22,15:15:00,3183.6,3209.2,3157.2,3181,17624
2015/9/23,15:15:00,3165.8,3166,3083.6,3109,16671
2015/9/24,15:15:00,3115.6,3169.8,3111.4,3141,15491
2015/9/25,15:15:00,3144.4,3145,3037,3070,17284
2015/9/28,15:15:00,3062.4,3118.4,3044.4,3101,14813
2015/9/29,15:15:00,3067,3073.2,2995.8,3028.8,14902
2015/9/30,15:15:00,3041.8,3094.8,3037.6,3069.4,13472
2015/10/8,15:15:00,3190.6,3253,3161,3162.6,16216
2015/10/9,15:15:00,3189.2,3262,3181.6,3252,17852
2015/10/12,15:15:00,3274.4,3419.6,3264.8,3370.8,22712
2015/10/13,15:15:00,3365.8,3366.6,3334.8,3349.4,16808
2015/10/14,15:15:00,3334.8,3358.2,3292.2,3295,18873
2015/10/15,15:15:00,3301.8,3402,3300.6,3400.6,22708
2015/10/16,15:15:00,3414,3430.2,3359.2,3394.2,25181
2015/10/19,15:15:00,3385.4,3392.8,3292,3329.8,17182
2015/10/20,15:15:00,3336.8,3407.4,3320.6,3405.4,16479
2015/10/21,15:15:00,3403.2,3403.2,3262.6,3283.4,19916
2015/10/22,15:15:00,3297.4,3378.2,3292.6,3349.2,18883
2015/10/23,15:15:00,3374.2,3419.2,3333,3418.2,17572
2015/10/26,15:15:00,3431.8,3444.6,3385.6,3415.6,15807
2015/10/27,15:15:00,3409.6,3441.8,3328.2,3424.6,17824
2015/10/28,15:15:00,3415.8,3427.4,3348.2,3361.2,16715
2015/10/29,15:15:00,3371,3412.6,3339.2,3386.2,16644
2015/10/30,15:15:00,3382.2,3425,3341.8,3387.2,17465
2015/11/2,15:15:00,3346.6,3402.8,3309.2,3348.6,17209
2015/11/3,15:15:00,3356.4,3371,3319.4,3326.8,15768
2015/11/4,15:15:00,3340.4,3540.4,3338.2,3539.2,22763
2015/11/5,15:15:00,3531.8,3636.8,3511.2,3586.4,22908
2015/11/6,15:15:00,3590.2,3709.8,3584.4,3708.8,19592
2015/11/9,15:15:00,3694.8,3784,3689.8,3730.2,18739
2015/11/10,15:15:00,3711.6,3758.4,3698.4,3727.2,16177
2015/11/11,15:15:00,3728.8,3759.4,3691.8,3758.6,16601
2015/11/12,15:15:00,3765.8,3768,3664.6,3703.4,18038
2015/11/13,15:15:00,3682.8,3701.2,3637,3664.4,17638
2015/11/16,15:15:00,3616.4,3685.8,3609.6,3677.4,18979
2015/11/17,15:15:00,3689.4,3769,3629,3630,22975
2015/11/18,15:15:00,3646.4,3679.2,3608.8,3614.6,19954
2015/11/19,15:15:00,3633.4,3692.8,3615,3691.2,21871
2015/11/20,15:15:00,3689,3696,3633.4,3639.6,20693
2015/11/23,15:15:00,3627,3679.6,3597.8,3604.4,15532
2015/11/24,15:15:00,3607.8,3638.6,3561.6,3638.6,17480
2015/11/25,15:15:00,3635.2,3681.6,3611.8,3678.2,15799
2015/11/26,15:15:00,3683.8,3711.8,3636,3644,16083
2015/11/27,15:15:00,3646.8,3652.2,3422.2,3469,20547
2015/11/30,15:15:00,3467.8,3502.4,3404.4,3467.2,19933
2015/12/1,15:15:00,3480,3534,3451,3504.2,17338
2015/12/2,15:15:00,3509,3670.6,3484.2,3670.6,23382
2015/12/3,15:15:00,3652.8,3689,3627.8,3678,16808
2015/12/4,15:15:00,3646.4,3656.8,3579.4,3615.8,17287
2015/12/7,15:15:00,3629.8,3641,3584.8,3598.2,15650
2015/12/8,15:15:00,3585.4,3585.4,3533.6,3555.2,17338
2015/12/9,15:15:00,3547,3598.4,3546.6,3563.8,17025
2015/12/10,15:15:00,3557,3626.6,3513.8,3532.6,19673
2015/12/11,15:15:00,3545.8,3574.4,3505.4,3555,19004
2015/12/14,15:15:00,3530.2,3678.2,3520.4,3671.8,24994
2015/12/15,15:15:00,3671.4,3674.2,3619.6,3621.8,20625
2015/12/16,15:15:00,3634.2,3659.4,3611.2,3613,20149
2015/12/17,15:15:00,3627.8,3706.6,3627.8,3685.6,25980
2015/12/18,15:15:00,3678.4,3715.2,3670.4,3685,22331
2015/12/21,15:15:00,3670.2,3794.6,3668,3777.6,16523
2015/12/22,15:15:00,3783.2,3805,3749,3796.2,14826
2015/12/23,15:15:00,3798,3836.2,3768,3782.8,16956
2015/12/24,15:15:00,3790.4,3792.6,3707,3753,16568
2015/12/25,15:15:00,3755,3784,3738,3784,13482
2015/12/28,15:15:00,3768.8,3775.8,3621.4,3625.8,16854
2015/12/29,15:15:00,3642.4,3690.6,3632.6,3676.2,15483
2015/12/30,15:15:00,3685.8,3697.8,3643.6,3676,14451
2015/12/31,15:15:00,3675.8,3709.2,3628.8,3634,15626
2016/1/4,15:15:00,3618,3632.2,3393,3399.2,14518
2016/1/5,15:15:00,3390.6,3459.2,3317,3384.2,21686
2016/1/6,15:15:00,3392.2,3471.4,3392.2,3437.2,19633
2016/1/7,15:15:00,3406.2,3408.2,3211.2,3215.8,5583
2016/1/8,15:15:00,3294.8,3367.6,3190.4,3277,23210
2016/1/11,15:15:00,3221.8,3274.6,3115,3115.8,25620
2016/1/12,15:15:00,3164,3196.6,3126.4,3152.4,25493
2016/1/13,15:15:00,3186,3200.6,3068,3089,27741
2016/1/14,15:15:00,3044.8,3127,3017.8,3108,31026
2016/1/15,15:15:00,3100.2,3112.6,2964.8,3001,27674
2016/1/18,15:15:00,2978,3061,2975.4,3013.4,21960
2016/1/19,15:15:00,3018.6,3120.8,3004.6,3101.6,21939
2016/1/20,15:15:00,3084.6,3106.4,3013.2,3038,21157
2016/1/21,15:15:00,3044.6,3096,2960,2976.6,23509
2016/1/22,15:15:00,3017,3026.8,2942,3001.4,22430
2016/1/25,15:15:00,3014.2,3038.8,2984,2999.4,17558
2016/1/26,15:15:00,2980.6,2990.2,2835.2,2852.4,22510
2016/1/27,15:15:00,2875.2,2876.2,2768,2824.8,26601
2016/1/28,15:15:00,2813.8,2854.6,2769.8,2776.4,21384
2016/1/29,15:15:00,2786.6,2893.4,2786.2,2862.8,24113
2016/2/1,15:15:00,2871,2879.4,2801,2841.8,20847
2016/2/2,15:15:00,2841,2918.8,2839.6,2903.4,21885
2016/2/3,15:15:00,2879.2,2895.6,2835.2,2892,20958
2016/2/4,15:15:00,2902.8,2947,2899.4,2935,22843
2016/2/5,15:15:00,2933.2,2933.2,2884.8,2886.2,16046
2016/2/15,15:15:00,2843,2890.8,2826,2874.6,20471
2016/2/16,15:15:00,2890.6,2966.8,2889,2955.8,23968
2016/2/17,15:15:00,2954,2981.6,2943,2973.8,23209
2016/2/18,15:15:00,2995,3011.6,2954.8,2961,24233
2016/2/19,15:15:00,2958.8,2979,2939,2952.2,23371
2016/2/22,15:15:00,2973.8,3024.6,2965.4,3003.8,19800
2016/2/23,15:15:00,3000,3008.8,2948.6,2983,19592
2016/2/24,15:15:00,2977.8,3003.6,2935.2,2998.8,22254
2016/2/25,15:15:00,2995.4,3001,2784,2809.6,26306
2016/2/26,15:15:00,2839.4,2865.4,2811.6,2841,22526
2016/2/29,15:15:00,2830.2,2838.6,2716.8,2751.8,25112
2016/3/1,15:15:00,2760.2,2858.8,2756.2,2824.4,25620
2016/3/2,15:15:00,2844.2,2975.2,2842,2967.2,27255
2016/3/3,15:15:00,2967.2,2991.2,2955,2965.6,22882
2016/3/4,15:15:00,2963.2,3019,2937.6,3003.2,26819
2016/3/7,15:15:00,3036.8,3084.2,3005.4,3039.6,25718
2016/3/8,15:15:00,3028.2,3035.4,2926.8,3028.6,26493
2016/3/9,15:15:00,2980.2,2993.2,2945.4,2970.4,22754
2016/3/10,15:15:00,2971.2,3010.6,2933.6,2936.2,22889
2016/3/11,15:15:00,2928.4,2955.6,2908.2,2933,25082
2016/3/14,15:15:00,2961.6,3049,2961.6,2988.2,29292
2016/3/15,15:15:00,2993.2,3003.6,2946,2978.4,27797
2016/3/16,15:15:00,2994.2,3013.6,2965.6,2978.4,29609
2016/3/17,15:15:00,3006.8,3069.8,2980.6,3040.4,34044
2016/3/18,15:15:00,3058.8,3129.6,3051,3096.6,31700
2016/3/21,15:15:00,3124.6,3213.4,3124.6,3183.6,24109
2016/3/22,15:15:00,3170.4,3189,3161.2,3167.8,18683
2016/3/23,15:15:00,3175.6,3193.8,3136.2,3166.8,19222
2016/3/24,15:15:00,3142.4,3153.4,3100.8,3112.2,21199
2016/3/25,15:15:00,3119.8,3144,3112.2,3131,16691
2016/3/28,15:15:00,3140.4,3184.2,3087,3097.8,20815
2016/3/29,15:15:00,3103.4,3115.4,3046.4,3066.8,20975
2016/3/30,15:15:00,3100.8,3160.2,3092.8,3154.6,22701
2016/3/31,15:15:00,3163.4,3171.6,3136.2,3154.2,20063
2016/4/1,15:15:00,3148.8,3171.4,3084.2,3169.6,22524
2016/4/5,15:15:00,3153.6,3228.4,3143.6,3202,22545
2016/4/6,15:15:00,3196,3207.6,3185.6,3202.6,17119
2016/4/7,15:15:00,3214.8,3225.4,3157.6,3164.4,21868
2016/4/8,15:15:00,3153.2,3153.2,3106,3138,21804
2016/4/11,15:15:00,3162.6,3212.6,3162.6,3174.6,27339
2016/4/12,15:15:00,3173.2,3180.2,3145.8,3166.8,25624
2016/4/13,15:15:00,3202,3256.8,3196.8,3207.6,33606
2016/4/14,15:15:00,3226,3236,3198.6,3218,27977
2016/4/15,15:15:00,3218.6,3226.2,3200.6,3216,24220
2016/4/18,15:15:00,3198.4,3198.6,3147.4,3166.8,18269
2016/4/19,15:15:00,3199.4,3204.6,3150.4,3168.2,17078
2016/4/20,15:15:00,3182,3191.8,3047.4,3090,25314
2016/4/21,15:15:00,3086.4,3142,3077.8,3091,21715
2016/4/22,15:15:00,3080,3121,3076.2,3117,17296
2016/4/25,15:15:00,3104.6,3108.2,3058,3102.6,17475
2016/4/26,15:15:00,3103.4,3131,3080.8,3118.6,17698
2016/4/27,15:15:00,3125.4,3126.8,3092,3101.4,15941
2016/4/28,15:15:00,3111.2,3113.8,3073.2,3097.4,17038
2016/4/29,15:15:00,3089.8,3119.2,3088.2,3103.6,14734
2016/5/3,15:15:00,3105.4,3178,3088,3173.4,19925
2016/5/4,15:15:00,3161.6,3171,3140.8,3161,14926
2016/5/5,15:15:00,3157.6,3164.2,3141.4,3164,13678
2016/5/6,15:15:00,3164.4,3165.6,3061,3061,19998
2016/5/9,15:15:00,3030.6,3055.8,2992.6,2995.2,19933
2016/5/10,15:15:00,2992.6,3031.2,2992.6,3005.4,16634
2016/5/11,15:15:00,3024.4,3045.8,3005.8,3019.8,17827
2016/5/12,15:15:00,3005,3047.2,2982,3037.4,19624
2016/5/13,15:15:00,3026,3060.2,3023,3036.8,17246
2016/5/16,15:15:00,3028.4,3052.8,3006.2,3048.4,19914
2016/5/17,15:15:00,3045.2,3059.4,3023.4,3042,20929
2016/5/18,15:15:00,3026.6,3036,2986,3016.6,23963
2016/5/19,15:15:00,3017.6,3042.4,3003.4,3006.2,23172
2016/5/20,15:15:00,2997.8,3030.6,2995.4,3021,21386
2016/5/23,15:15:00,3021.2,3057.4,3019.2,3027.6,14354
2016/5/24,15:15:00,3029.4,3030.6,2994,3012.6,14521
2016/5/25,15:15:00,3035.6,3042,2999,3005.8,14411
2016/5/26,15:15:00,3007.8,3029.2,2972.2,3009.8,16862
2016/5/27,15:15:00,3010.8,3023,2998.2,3017.2,13309
2016/5/30,15:15:00,3012,3034.8,2978.2,3021,15399
2016/5/31,15:15:00,3029.2,3145.6,2769.6,3145.6,23963
2016/6/1,15:15:00,3138,3148.2,3119.6,3119.6,15784
2016/6/2,15:15:00,3120.4,3132.4,3111,3120.6,11749
2016/6/3,15:15:00,3128,3167.6,3119.4,3162.4,16752
2016/6/6,15:15:00,3168.2,3176.4,3134.4,3141.8,14325
2016/6/7,15:15:00,3147,3152.4,3133.8,3141.4,12309
2016/6/8,15:15:00,3138,3140.4,3111.2,3126.6,14702
2016/6/13,15:15:00,3098.4,3106.6,3002.2,3005.8,20530
2016/6/14,15:15:00,3014.4,3037.4,3009.4,3017.6,22870
2016/6/15,15:15:00,2999.6,3086.6,2992.2,3058.2,23767
2016/6/16,15:15:00,3055,3061.8,3019,3026.8,20798
2016/6/17,15:15:00,3040.4,3071.6,3014,3025.4,22859
2016/6/20,15:15:00,3034.2,3044,2998.2,3029,14273
2016/6/21,15:15:00,3040.4,3083.8,3008.6,3018.8,16913
2016/6/22,15:15:00,3013.4,3056.4,3013,3056.4,14139
2016/6/23,15:15:00,3055.2,3059,3021.2,3042,13502
2016/6/24,15:15:00,3038.2,3065.8,2956,2997.2,19783
2016/6/27,15:15:00,3001.4,3060.8,3001.4,3060.8,15403
2016/6/28,15:15:00,3052,3079,3031.6,3076.4,14262
2016/6/29,15:15:00,3081.8,3101.2,3073,3092.4,13531
2016/6/30,15:15:00,3090,3103.2,3088.4,3091.8,11352
2016/7/1,15:15:00,3098.4,3113.4,3080.8,3081.6,12240
2016/7/4,15:15:00,3076.4,3163,3076.4,3151,16634
2016/7/5,15:15:00,3149.2,3164,3142,3152.4,11996
2016/7/6,15:15:00,3146.6,3163.6,3128,3162.2,14455
2016/7/7,15:15:00,3164.2,3178.4,3137.2,3160.6,15065
2016/7/8,15:15:00,3153.6,3158.8,3138.8,3143.2,15686
2016/7/11,15:15:00,3154.4,3196.4,3146.6,3148.8,21830
2016/7/12,15:15:00,3158.2,3239.8,3156.4,3231.4,23017
2016/7/13,15:15:00,3233.8,3268.2,3233.4,3238.2,24114
2016/7/14,15:15:00,3238.8,3245.2,3216,3234.2,19895
2016/7/15,15:15:00,3245.6,3246.4,3222.6,3232.6,17498
2016/7/18,15:15:00,3230.4,3233.4,3206.2,3210.6,12316
2016/7/19,15:15:00,3215.2,3222.4,3174.2,3193,13878
2016/7/20,15:15:00,3194.6,3207.6,3181.4,3181.4,11248
2016/7/21,15:15:00,3184.8,3226.6,3184.8,3205.6,14108
2016/7/22,15:15:00,3200.8,3207.8,3174.4,3180.4,13711
2016/7/25,15:15:00,3185.2,3204.6,3176.4,3183.8,12043
2016/7/26,15:15:00,3183.4,3231.8,3183,3231.4,13499
2016/7/27,15:15:00,3234,3238,3107,3148.6,20055
2016/7/28,15:15:00,3149.6,3189.8,3148.4,3176.8,16513
2016/7/29,15:15:00,3177,3186.6,3156.6,3168.2,13552
2016/8/1,15:15:00,3161.4,3169.2,3121.2,3136,14204
2016/8/2,15:15:00,3153.6,3156.6,3134,3150.2,10577
2016/8/3,15:15:00,3145,3164.8,3139.8,3154.2,12623
2016/8/4,15:15:00,3153.4,3165,3135,3164.6,12395
2016/8/5,15:15:00,3168,3194.6,3155.8,3178.4,13087
2016/8/8,15:15:00,3175.2,3209,3154.8,3208.2,13953
2016/8/9,15:15:00,3206.2,3231.8,3201.4,3229.4,13187
2016/8/10,15:15:00,3227.4,3236.4,3216.2,3218.6,10787
2016/8/11,15:15:00,3217,3253.8,3210.4,3210.4,15491
2016/8/12,15:15:00,3207.8,3276,3207.8,3271.4,17421
2016/8/15,15:15:00,3276.2,3407.6,3275.8,3366.2,25548
2016/8/16,15:15:00,3376.2,3398.8,3353.2,3354,22305
2016/8/17,15:15:00,3361,3374.6,3335.8,3341.2,21104
2016/8/18,15:15:00,3344,3367,3317.6,3332,20410
2016/8/19,15:15:00,3335.4,3338.2,3306.4,3326.6,18436
2016/8/22,15:15:00,3329.2,3345,3300.4,3307.6,12817
2016/8/23,15:15:00,3307.6,3330.4,3285.4,3308.2,14170
2016/8/24,15:15:00,3307.8,3316.8,3283.8,3291.6,12741
2016/8/25,15:15:00,3275,3278.4,3240,3273.4,13813
2016/8/26,15:15:00,3279,3300.2,3262.4,3267.4,13123
2016/8/29,15:15:00,3269.4,3280.8,3257,3267.8,11655
2016/8/30,15:15:00,3275.8,3294.2,3261.8,3281.4,13151
2016/8/31,15:15:00,3280.6,3306.4,3269,3300.6,15866
2016/9/1,15:15:00,3297.8,3300.2,3258,3259.2,12656
2016/9/2,15:15:00,3265,3291.2,3257.4,3275.4,13110
2016/9/5,15:15:00,3284.2,3314.4,3280.4,3284.4,13150
2016/9/6,15:15:00,3285.2,3320,3259.6,3314,16831
2016/9/7,15:15:00,3317.8,3326.8,3308.4,3314,13832
2016/9/8,15:15:00,3313.6,3314.8,3300.4,3310.4,14035
2016/9/9,15:15:00,3310.4,3314.6,3287.4,3289.6,18279
2016/9/12,15:15:00,3234,3243.2,3201.8,3207.6,25452
2016/9/13,15:15:00,3223.6,3230,3206.2,3207.8,20911
2016/9/14,15:15:00,3199,3208.2,3180.2,3181.8,19397
2016/9/19,15:15:00,3189,3211.2,3189,3199.4,17466
2016/9/20,15:15:00,3196,3198,3186.8,3195.6,8631
2016/9/21,15:15:00,3194.8,3217.6,3193.6,3217,10244
2016/9/22,15:15:00,3226.4,3259.4,3223.8,3244.2,11589
2016/9/23,15:15:00,3247.8,3250.6,3229.4,3230.6,8928
2016/9/26,15:15:00,3222,3222.4,3186.4,3188.4,11250
2016/9/27,15:15:00,3188.8,3211.6,3185.6,3206.8,12109
2016/9/28,15:15:00,3204.8,3206,3194.6,3202.4,8520
2016/9/29,15:15:00,3205.4,3233.6,3205.4,3223.8,10992
2016/9/30,15:15:00,3216.4,3237,3211.8,3228.2,9500
2016/10/10,15:15:00,3244.8,3278.4,3201.6,3272.4,13092
2016/10/11,15:15:00,3271.4,3283,3268.2,3278.6,10425
2016/10/12,15:15:00,3272.8,3274.8,3260.4,3269.2,8665
2016/10/13,15:15:00,3267.8,3284,3259.8,3265.6,10924
2016/10/14,15:15:00,3266.2,3278.2,3248.6,3277.6,13306
2016/10/17,15:15:00,3272.2,3282.2,3237.2,3240.8,15830
2016/10/18,15:15:00,3248.6,3292.4,3246.6,3290.8,20043
2016/10/19,15:15:00,3292,3305.2,3275.6,3280.4,18325
2016/10/20,15:15:00,3287.8,3289.4,3276.4,3280.8,17431
2016/10/21,15:15:00,3277.2,3303.4,3265.4,3287.6,16696
2016/10/24,15:15:00,3287,3354.6,3287,3333.4,12996
2016/10/25,15:15:00,3335.4,3338,3323.8,3327.4,8485
2016/10/26,15:15:00,3324.6,3334.2,3313,3317.6,9171
2016/10/27,15:15:00,3318.4,3320.6,3299.8,3311.8,9258
2016/10/28,15:15:00,3314.2,3341.8,3303.8,3311.8,11698
2016/10/31,15:15:00,3308.2,3310.2,3278.2,3303.8,9991
2016/11/1,15:15:00,3305,3330.8,3302.8,3327.4,9742
2016/11/2,15:15:00,3320.6,3323.8,3300.2,3304.6,9366
2016/11/3,15:15:00,3299.6,3358.8,3298.2,3339.4,13130
2016/11/4,15:15:00,3342.8,3354.8,3321.4,3324.8,10579
2016/11/7,15:15:00,3326.2,3342,3321.4,3328.6,9232
2016/11/8,15:15:00,3338,3362.8,3334.2,3349.2,10921
2016/11/9,15:15:00,3350.4,3352,3280.4,3331.2,14905
2016/11/10,15:15:00,3357,3384.2,3357,3363.4,12246
2016/11/11,15:15:00,3362.4,3404.2,3353.2,3401.2,13815
2016/11/14,15:15:00,3388.2,3431,3385.8,3405,16130
2016/11/15,15:15:00,3403.4,3411.8,3390.2,3401.2,16249
2016/11/16,15:15:00,3409,3413.4,3394.8,3397.4,16170
2016/11/17,15:15:00,3394.4,3402,3379.4,3400.6,17042
2016/11/18,15:15:00,3404.4,3405.4,3377.6,3387.6,14512
2016/11/21,15:15:00,3387.6,3434.8,3386.2,3405.8,11899
2016/11/22,15:15:00,3409.6,3441.2,3409.4,3441,11204
2016/11/23,15:15:00,3445,3459,3433.6,3448,11311
2016/11/24,15:15:00,3445.8,3476.2,3437.6,3454.4,10347
2016/11/25,15:15:00,3456.2,3507.2,3433,3507,11471
2016/11/28,15:15:00,3509.2,3536.4,3507.8,3522,11404
2016/11/29,15:15:00,3512.4,3570.6,3502.2,3550.6,14067
2016/11/30,15:15:00,3545,3560.2,3517.2,3524.6,14507
2016/12/1,15:15:00,3531.4,3572.4,3530.6,3558.8,13315
2016/12/2,15:15:00,3554.2,3556.4,3506.6,3515.8,13413
2016/12/5,15:15:00,3474.2,3492.6,3440,3441,15198
2016/12/6,15:15:00,3445.4,3462.8,3434.2,3434.2,12663
2016/12/7,15:15:00,3441.2,3446.6,3422.8,3443.2,13404
2016/12/8,15:15:00,3450,3453.4,3435.8,3438.4,12119
2016/12/9,15:15:00,3439,3475.6,3427,3456.6,15266
2016/12/12,15:15:00,3458.6,3458.8,3359.4,3363.8,19288
2016/12/13,15:15:00,3360.4,3376.8,3343.2,3362.2,18051
2016/12/14,15:15:00,3363.8,3371.4,3336,3338,18060
2016/12/15,15:15:00,3333.2,3343.6,3276.8,3288.4,19565
2016/12/16,15:15:00,3293,3316.2,3290.6,3300.4,15268
2016/12/19,15:15:00,3295.6,3297.4,3275.8,3283.8,8437
2016/12/20,15:15:00,3284.6,3286.6,3237.2,3259,10604
2016/12/21,15:15:00,3266.4,3302,3266.4,3296.2,10761
2016/12/22,15:15:00,3292.4,3295.8,3272.6,3286.8,8729
2016/12/23,15:15:00,3287.4,3289,3249.4,3263.8,9271
2016/12/26,15:15:00,3254.6,3284,3220.8,3275.6,10895
2016/12/27,15:15:00,3272.4,3290.2,3272.4,3275.2,8030
2016/12/28,15:15:00,3274.8,3282.2,3252,3265.4,8181
2016/12/29,15:15:00,3261.4,3284.8,3253.2,3268.2,9987
2016/12/30,15:15:00,3274,3291.4,3268.2,3272,9438
