1633, <Time>, <Open>, <High>, <Low>, <Close>, <Volume>
2010-5-11,15:00:00,4528,4540,4470,4473,2837236
2010-5-12,15:00:00,4460,4460,4391,4401,3353762
2010-5-13,15:00:00,4403,4421,4368,4395,3120402
2010-5-14,15:00:00,4377,4414,4360,4363,2976976
2010-5-17,15:00:00,4324,4325,4175,4182,3372142
2010-5-18,15:00:00,4200,4244,4140,4211,4174388
2010-5-19,15:00:00,4159,4250,4154,4224,3914688
2010-5-20,15:00:00,4241,4297,4231,4252,3591082
2010-5-21,15:00:00,4217,4245,4165,4230,3549056
2010-5-24,15:00:00,4265,4322,4260,4319,2811692
2010-5-25,15:00:00,4290,4313,4263,4266,3132284
2010-5-26,15:00:00,4289,4298,4255,4274,2871220
2010-5-27,15:00:00,4258,4285,4228,4272,3157136
2010-5-28,15:00:00,4289,4314,4253,4259,2899348
2010-5-31,15:00:00,4235,4259,4218,4218,2476180
2010-6-1,15:00:00,4205,4215,4177,4181,2681684
2010-6-2,15:00:00,4171,4207,4152,4188,3219474
2010-6-3,15:00:00,4211,4217,4185,4203,2377938
2010-6-4,15:00:00,4171,4187,4167,4184,1588558
2010-6-7,15:00:00,4066,4089,4013,4027,3984480
2010-6-8,15:00:00,4039,4068,4037,4067,1813358
2010-6-9,15:00:00,4074,4112,4049,4107,1856006
2010-6-10,15:00:00,4093,4105,4075,4089,1522448
2010-6-11,15:00:00,4101,4130,4098,4118,1217904
2010-6-17,15:00:00,4139,4153,4119,4120,1049982
2010-6-18,15:00:00,4119,4133,4098,4100,1296976
2010-6-21,15:00:00,4116,4181,4099,4173,2452972
2010-6-22,15:00:00,4141,4166,4139,4149,1367266
2010-6-23,15:00:00,4099,4128,4073,4094,2482798
2010-6-24,15:00:00,4100,4122,4095,4114,1370814
2010-6-25,15:00:00,4109,4114,4088,4097,1137454
2010-6-28,15:00:00,4116,4117,4042,4053,2283546
2010-6-29,15:00:00,4033,4051,3998,4011,2067676
2010-6-30,15:00:00,3983,4008,3977,4004,1258374
2010-7-1,15:00:00,3992,4005,3975,3983,1371606
2010-7-2,15:00:00,3972,4003,3947,4000,2119382
2010-7-5,15:00:00,3994,4025,3981,4017,1699286
2010-7-6,15:00:00,4002,4028,3992,3998,1656714
2010-7-7,15:00:00,4003,4013,3989,4000,1239024
2010-7-8,15:00:00,4027,4033,3970,3971,1813894
2010-7-9,15:00:00,3963,3997,3951,3992,2143848
2010-7-12,15:00:00,3987,4018,3979,4009,1997230
2010-7-13,15:00:00,4003,4009,3975,3984,1725668
2010-7-14,15:00:00,3991,4007,3972,3987,2278990
2010-7-15,15:00:00,3981,4004,3967,3985,2054228
2010-7-16,15:00:00,3993,4001,3984,3998,1218312
2010-7-19,15:00:00,3983,4072,3982,4069,2772360
2010-7-20,15:00:00,4073,4128,4067,4125,2923968
2010-7-21,15:00:00,4122,4143,4114,4123,2606256
2010-7-22,15:00:00,4125,4137,4113,4123,1946772
2010-7-23,15:00:00,4143,4185,4138,4176,3117930
2010-7-26,15:00:00,4180,4190,4161,4168,2148708
2010-7-27,15:00:00,4165,4169,4112,4114,2228952
2010-7-28,15:00:00,4110,4182,4106,4179,2228670
2010-7-29,15:00:00,4177,4200,4158,4176,2563044
2010-7-30,15:00:00,4180,4244,4177,4242,3528614
2010-8-2,15:00:00,4272,4314,4268,4289,2852210
2010-8-3,15:00:00,4307,4308,4261,4262,2683074
2010-8-4,15:00:00,4256,4291,4243,4288,2788398
2010-8-5,15:00:00,4298,4312,4256,4270,2946166
2010-8-6,15:00:00,4256,4292,4255,4285,2071120
2010-8-9,15:00:00,4300,4350,4298,4349,2630734
2010-8-10,15:00:00,4351,4352,4327,4330,2094954
2010-8-11,15:00:00,4332,4381,4329,4337,3204034
2010-8-12,15:00:00,4309,4311,4277,4280,2305096
2010-8-13,15:00:00,4291,4314,4276,4314,2083868
2010-8-16,15:00:00,4310,4350,4298,4341,2059826
2010-8-17,15:00:00,4355,4366,4327,4349,2308076
2010-8-18,15:00:00,4371,4372,4343,4343,1913430
2010-8-19,15:00:00,4346,4360,4325,4349,1756498
2010-8-20,15:00:00,4331,4332,4296,4299,1779478
2010-8-23,15:00:00,4302,4303,4245,4252,2158786
2010-8-24,15:00:00,4236,4268,4228,4232,2056934
2010-8-25,15:00:00,4209,4238,4208,4219,1656214
2010-8-26,15:00:00,4240,4254,4233,4251,1366684
2010-8-27,15:00:00,4261,4267,4242,4264,1275442
2010-8-30,15:00:00,4286,4328,4280,4327,2153840
2010-8-31,15:00:00,4310,4340,4302,4311,2230140
2010-9-1,15:00:00,4320,4369,4317,4350,2483166
2010-9-2,15:00:00,4384,4390,4370,4385,1775700
2010-9-3,15:00:00,4395,4397,4359,4365,1504992
2010-9-6,15:00:00,4486,4591,4486,4585,3130208
2010-9-7,15:00:00,4582,4591,4548,4570,2632464
2010-9-8,15:00:00,4563,4565,4535,4543,1977484
2010-9-9,15:00:00,4559,4561,4355,4446,2923714
2010-9-10,15:00:00,4455,4504,4444,4499,2541964
2010-9-13,15:00:00,4538,4541,4479,4488,2276942
2010-9-14,15:00:00,4487,4491,4414,4426,2545250
2010-9-15,15:00:00,4433,4442,4410,4424,2151140
2010-9-16,15:00:00,4424,4441,4361,4374,2475166
2010-9-17,15:00:00,4375,4391,4362,4370,1982484
2010-9-20,15:00:00,4384,4425,4368,4388,2687882
2010-9-21,15:00:00,4386,4389,4323,4332,1640640
2010-9-27,15:00:00,4356,4358,4276,4278,1708390
2010-9-28,15:00:00,4263,4303,4254,4276,1428558
2010-9-29,15:00:00,4280,4308,4246,4268,1489412
2010-9-30,15:00:00,4243,4292,4227,4290,1390056
2010-10-8,15:00:00,4283,4336,4274,4323,1221888
2010-10-11,15:00:00,4371,4432,4367,4414,2408884
2010-10-12,15:00:00,4386,4406,4368,4381,1894044
2010-10-13,15:00:00,4394,4435,4386,4430,2388974
2010-10-14,15:00:00,4446,4447,4396,4403,2111860
2010-10-15,15:00:00,4390,4435,4370,4432,2007884
2010-10-18,15:00:00,4421,4489,4418,4462,2897710
2010-10-19,15:00:00,4484,4487,4416,4436,2314842
2010-10-20,15:00:00,4358,4403,4333,4379,2017456
2010-10-21,15:00:00,4385,4414,4373,4386,2050362
2010-10-22,15:00:00,4368,4389,4366,4373,1161826
2010-10-25,15:00:00,4393,4472,4383,4466,2688090
2010-10-26,15:00:00,4470,4480,4431,4437,2214948
2010-10-27,15:00:00,4449,4500,4431,4450,3569510
2010-10-28,15:00:00,4452,4487,4451,4468,1735900
2010-10-29,15:00:00,4462,4476,4441,4468,1583466
2010-11-1,15:00:00,4499,4526,4487,4518,1755344
2010-11-2,15:00:00,4524,4530,4501,4509,1207912
2010-11-3,15:00:00,4523,4556,4511,4520,1767948
2010-11-4,15:00:00,4537,4583,4533,4579,1593412
2010-11-5,15:00:00,4630,4705,4616,4687,2764310
2010-11-8,15:00:00,4691,4696,4659,4687,1675766
2010-11-9,15:00:00,4692,4883,4689,4834,2991994
2010-11-10,15:00:00,4833,4866,4716,4753,2731888
2010-11-11,15:00:00,4748,4831,4726,4776,2486420
2010-11-12,15:00:00,4760,4760,4561,4626,4533368
2010-11-15,15:00:00,4600,4680,4598,4654,2804884
2010-11-16,15:00:00,4669,4673,4623,4635,1834112
2010-11-17,15:00:00,4519,4565,4485,4542,2734114
2010-11-18,15:00:00,4580,4611,4556,4603,1684716
2010-11-19,15:00:00,4641,4658,4580,4637,1884620
2010-11-22,15:00:00,4622,4661,4616,4639,1395770
2010-11-23,15:00:00,4628,4639,4587,4604,1618400
2010-11-24,15:00:00,4606,4695,4597,4691,1616024
2010-11-25,15:00:00,4705,4733,4678,4681,1697182
2010-11-26,15:00:00,4689,4694,4630,4650,1509400
2010-11-29,15:00:00,4645,4679,4635,4668,934204
2010-11-30,15:00:00,4661,4666,4614,4638,966150
2010-12-1,15:00:00,4644,4689,4630,4679,798148
2010-12-2,15:00:00,4717,4723,4679,4688,801592
2010-12-3,15:00:00,4689,4745,4689,4730,1206386
2010-12-6,15:00:00,4744,4744,4708,4722,691030
2010-12-7,15:00:00,4723,4772,4713,4762,891226
2010-12-8,15:00:00,4745,4759,4715,4716,640674
2010-12-9,15:00:00,4734,4746,4717,4720,607402
2010-12-10,15:00:00,4710,4736,4699,4732,498228
2010-12-13,15:00:00,4736,4791,4733,4782,719134
2010-12-14,15:00:00,4784,4793,4765,4786,450194
2010-12-15,15:00:00,4779,4816,4756,4776,768890
2010-12-16,15:00:00,4765,4790,4765,4771,395156
2010-12-17,15:00:00,4776,4796,4775,4794,413048
2010-12-20,15:00:00,4817,4829,4775,4805,591352
2010-12-21,15:00:00,4816,4835,4807,4826,495722
2010-12-22,15:00:00,4831,4834,4789,4799,476572
2010-12-23,15:00:00,4796,4802,4769,4780,399478
2010-12-24,15:00:00,4784,4789,4750,4769,387190
2010-12-27,15:00:00,4740,4776,4728,4741,418438
2010-12-28,15:00:00,4749,4762,4745,4751,267704
2010-12-29,15:00:00,4754,4784,4729,4777,506736
2010-12-30,15:00:00,4771,4799,4759,4798,330354
2010-12-31,15:00:00,4790,4821,4787,4821,292590
2011-1-4,15:00:00,4841,4848,4815,4833,310108
2011-1-5,15:00:00,4819,4834,4809,4812,268464
2011-1-6,15:00:00,4827,4846,4819,4832,227804
2011-1-7,15:00:00,4816,4848,4800,4815,417420
2011-1-10,15:00:00,4836,4884,4832,4869,589132
2011-1-11,15:00:00,4881,4884,4863,4883,287650
2011-1-12,15:00:00,4900,4904,4872,4886,334024
2011-1-13,15:00:00,4894,4915,4884,4912,313748
2011-1-14,15:00:00,4909,4954,4903,4944,526224
2011-1-17,15:00:00,4959,4971,4935,4953,387272
2011-1-18,15:00:00,4959,4964,4927,4948,310088
2011-1-19,15:00:00,4952,4979,4945,4966,318136
2011-1-20,15:00:00,4953,4964,4951,4953,241480
2011-1-21,15:00:00,4938,4991,4931,4987,419612
2011-1-24,15:00:00,4994,5017,4988,5007,336736
2011-1-25,15:00:00,5002,5027,4994,5016,369404
2011-1-26,15:00:00,5004,5011,4972,4994,312382
2011-1-27,15:00:00,5003,5003,4938,4979,543846
2011-1-28,15:00:00,4969,4993,4967,4986,197206
2011-1-31,15:00:00,4999,5056,4992,5050,295902
2011-2-1,15:00:00,5063,5075,5038,5075,214898
2011-2-9,15:00:00,5063,5088,5056,5075,223922
2011-2-10,15:00:00,5078,5151,5075,5142,460074
2011-2-11,15:00:00,5147,5187,5127,5132,555062
2011-2-14,15:00:00,5138,5143,5109,5121,316050
2011-2-15,15:00:00,5138,5159,5125,5127,344384
2011-2-16,15:00:00,5108,5114,5053,5076,610122
2011-2-17,15:00:00,5091,5091,4988,4996,787430
2011-2-18,15:00:00,5008,5023,4968,4968,564058
2011-2-21,15:00:00,4978,5022,4956,5008,612498
2011-2-22,15:00:00,5017,5045,4944,4990,709348
2011-2-23,15:00:00,4941,4963,4926,4936,522008
2011-2-24,15:00:00,4947,4953,4880,4890,660944
2011-2-25,15:00:00,4899,4913,4862,4869,590658
2011-2-28,15:00:00,4886,4910,4870,4899,450596
2011-3-1,15:00:00,4910,4922,4819,4837,764994
2011-3-2,15:00:00,4829,4856,4800,4849,580138
2011-3-3,15:00:00,4846,4878,4801,4816,770274
2011-3-4,15:00:00,4812,4831,4776,4819,668758
2011-3-7,15:00:00,4816,4844,4805,4834,646364
2011-3-8,15:00:00,4799,4842,4759,4777,1004802
2011-3-9,15:00:00,4779,4796,4760,4774,499632
2011-3-10,15:00:00,4747,4748,4680,4680,700666
2011-3-11,15:00:00,4666,4693,4652,4656,680536
2011-3-14,15:00:00,4656,4739,4654,4731,1063994
2011-3-15,15:00:00,4738,4780,4712,4773,1058030
2011-3-16,15:00:00,4777,4834,4755,4831,1003030
2011-3-17,15:00:00,4815,4848,4795,4817,925026
2011-3-18,15:00:00,4846,4847,4742,4756,1166646
2011-3-21,15:00:00,4742,4742,4653,4654,1039740
2011-3-22,15:00:00,4636,4686,4629,4650,1046450
2011-3-23,15:00:00,4653,4737,4651,4728,1140710
2011-3-24,15:00:00,4743,4760,4685,4718,1160746
2011-3-25,15:00:00,4723,4743,4706,4730,802014
2011-3-28,15:00:00,4753,4795,4744,4779,1041330
2011-3-29,15:00:00,4775,4823,4765,4813,1042880
2011-3-30,15:00:00,4819,4832,4775,4793,943216
2011-3-31,15:00:00,4794,4817,4767,4794,779906
2011-4-1,15:00:00,4795,4801,4757,4780,613600
2011-4-6,15:00:00,4782,4875,4782,4873,877466
2011-4-7,15:00:00,4877,4887,4854,4883,697112
2011-4-8,15:00:00,4884,4914,4865,4905,669316
2011-4-11,15:00:00,4922,4936,4893,4919,788300
2011-4-12,15:00:00,4906,4917,4878,4902,727024
2011-4-13,15:00:00,4879,4921,4860,4921,794824
2011-4-14,15:00:00,4911,4930,4901,4907,755948
2011-4-15,15:00:00,4905,4916,4819,4827,1089638
2011-4-18,15:00:00,4822,4852,4797,4844,687572
2011-4-19,15:00:00,4825,4840,4759,4775,825052
2011-4-20,15:00:00,4788,4821,4784,4815,518590
2011-4-21,15:00:00,4838,4874,4835,4849,626756
2011-4-22,15:00:00,4864,4880,4837,4873,619444
2011-4-25,15:00:00,4885,4893,4863,4879,448326
2011-4-26,15:00:00,4855,4906,4841,4896,827366
2011-4-27,15:00:00,4908,4922,4877,4885,723176
2011-4-28,15:00:00,4908,4933,4892,4907,729040
2011-4-29,15:00:00,4904,4917,4858,4915,681396
2011-5-3,15:00:00,4930,4965,4925,4954,621398
2011-5-4,15:00:00,4957,4959,4916,4941,783158
2011-5-5,15:00:00,4929,4936,4885,4914,1154848
2011-5-6,15:00:00,4838,4859,4799,4805,1216456
2011-5-9,15:00:00,4814,4830,4796,4830,795522
2011-5-10,15:00:00,4835,4853,4817,4849,672368
2011-5-11,15:00:00,4853,4867,4820,4823,764652
2011-5-12,15:00:00,4773,4811,4767,4783,913164
2011-5-13,15:00:00,4806,4853,4805,4851,756094
2011-5-16,15:00:00,4850,4858,4817,4819,628624
2011-5-17,15:00:00,4822,4834,4795,4824,707208
2011-5-18,15:00:00,4837,4847,4804,4815,606470
2011-5-19,15:00:00,4847,4848,4818,4831,635458
2011-5-20,15:00:00,4827,4836,4811,4826,477378
2011-5-23,15:00:00,4837,4838,4778,4780,896956
2011-5-24,15:00:00,4778,4812,4775,4809,570436
2011-5-25,15:00:00,4806,4835,4796,4824,656118
2011-5-26,15:00:00,4839,4845,4818,4830,415382
2011-5-27,15:00:00,4827,4840,4820,4839,316200
2011-5-30,15:00:00,4850,4887,4845,4876,546680
2011-5-31,15:00:00,4877,4894,4861,4877,400508
2011-6-1,15:00:00,4881,4887,4868,4868,276650
2011-6-2,15:00:00,4854,4866,4842,4863,339550
2011-6-3,15:00:00,4866,4876,4858,4870,283152
2011-6-7,15:00:00,4864,4868,4850,4867,235064
2011-6-8,15:00:00,4873,4888,4833,4872,607708
2011-6-9,15:00:00,4875,4877,4850,4852,252762
2011-6-10,15:00:00,4862,4868,4851,4856,280656
2011-6-13,15:00:00,4839,4840,4801,4810,573454
2011-6-14,15:00:00,4798,4826,4795,4815,357564
2011-6-15,15:00:00,4823,4825,4798,4799,385140
2011-6-16,15:00:00,4787,4798,4771,4784,434276
2011-6-17,15:00:00,4783,4788,4725,4734,671552
2011-6-20,15:00:00,4718,4733,4688,4690,605608
2011-6-21,15:00:00,4701,4715,4672,4714,739716
2011-6-22,15:00:00,4708,4723,4686,4695,496644
2011-6-23,15:00:00,4688,4742,4683,4733,767642
2011-6-24,15:00:00,4736,4750,4713,4731,479602
2011-6-27,15:00:00,4723,4735,4702,4703,539646
2011-6-28,15:00:00,4709,4718,4695,4706,445738
2011-6-29,15:00:00,4716,4730,4707,4726,419554
2011-6-30,15:00:00,4737,4754,4729,4752,418632
2011-7-1,15:00:00,4742,4748,4722,4726,339428
2011-7-4,15:00:00,4728,4799,4728,4794,642372
2011-7-5,15:00:00,4792,4819,4784,4790,381902
2011-7-6,15:00:00,4797,4817,4786,4816,489556
2011-7-7,15:00:00,4805,4827,4803,4812,298200
2011-7-8,15:00:00,4826,4833,4809,4812,278054
2011-7-11,15:00:00,4805,4869,4803,4857,532866
2011-7-12,15:00:00,4856,4876,4840,4853,515206
2011-7-13,15:00:00,4865,4894,4861,4887,412196
2011-7-14,15:00:00,4888,4890,4866,4871,284616
2011-7-15,15:00:00,4861,4881,4851,4869,287616
2011-7-18,15:00:00,4865,4921,4865,4898,389646
2011-7-19,15:00:00,4899,4917,4883,4914,333632
2011-7-20,15:00:00,4934,4934,4915,4921,325030
2011-7-21,15:00:00,4924,4924,4908,4910,209238
2011-7-22,15:00:00,4914,4930,4911,4923,221962
2011-7-25,15:00:00,4922,4922,4870,4870,403228
2011-7-26,15:00:00,4877,4897,4869,4896,308762
2011-7-27,15:00:00,4903,4922,4901,4916,295996
2011-7-28,15:00:00,4904,4936,4887,4931,424816
2011-7-29,15:00:00,4944,4944,4920,4925,229254
2011-8-1,15:00:00,4935,4974,4935,4963,460776
2011-8-2,15:00:00,4948,4972,4948,4965,274132
2011-8-3,15:00:00,4963,4984,4956,4964,358346
2011-8-4,15:00:00,4958,4965,4949,4950,266610
2011-8-5,15:00:00,4906,4906,4851,4856,617620
2011-8-8,15:00:00,4818,4851,4814,4831,546282
2011-8-9,15:00:00,4763,4811,4666,4801,939254
2011-8-10,15:00:00,4824,4846,4798,4820,356338
2011-8-11,15:00:00,4772,4840,4767,4831,450366
2011-8-12,15:00:00,4844,4859,4837,4844,290906
2011-8-15,15:00:00,4857,4879,4857,4878,317992
2011-8-16,15:00:00,4888,4891,4849,4858,382794
2011-8-17,15:00:00,4859,4884,4857,4883,295102
2011-8-18,15:00:00,4886,4893,4848,4850,329762
2011-8-19,15:00:00,4818,4840,4815,4837,308574
2011-8-22,15:00:00,4838,4866,4832,4838,268240
2011-8-23,15:00:00,4845,4856,4832,4843,247450
2011-8-24,15:00:00,4849,4862,4842,4843,172898
2011-8-25,15:00:00,4842,4847,4812,4834,361694
2011-8-26,15:00:00,4833,4838,4808,4819,285232
2011-8-29,15:00:00,4816,4819,4780,4785,446020
2011-8-30,15:00:00,4790,4832,4789,4825,426448
2011-8-31,15:00:00,4828,4851,4828,4845,285008
2011-9-1,15:00:00,4848,4855,4836,4842,229854
2011-9-2,15:00:00,4836,4844,4825,4843,199322
2011-9-5,15:00:00,4838,4849,4792,4812,323450
2011-9-6,15:00:00,4808,4811,4795,4805,297082
2011-9-7,15:00:00,4814,4844,4814,4833,239566
2011-9-8,15:00:00,4842,4844,4811,4813,178582
2011-9-9,15:00:00,4808,4821,4796,4799,307812
2011-9-13,15:00:00,4787,4804,4776,4790,259640
2011-9-14,15:00:00,4796,4802,4751,4766,376312
2011-9-15,15:00:00,4771,4775,4745,4751,325116
2011-9-16,15:00:00,4757,4765,4727,4738,334154
2011-9-19,15:00:00,4714,4715,4621,4628,573644
2011-9-20,15:00:00,4625,4628,4592,4618,474974
2011-9-21,15:00:00,4610,4656,4604,4640,525064
2011-9-22,15:00:00,4607,4610,4564,4575,498920
2011-9-23,15:00:00,4476,4553,4463,4519,826360
2011-9-26,15:00:00,4510,4526,4372,4403,801022
2011-9-27,15:00:00,4490,4490,4424,4452,716778
2011-9-28,15:00:00,4465,4471,4392,4408,598792
2011-9-29,15:00:00,4304,4351,4287,4301,626910
2011-9-30,15:00:00,4320,4353,4291,4340,634646
2011-10-10,15:00:00,4368,4372,4312,4320,394784
2011-10-11,15:00:00,4347,4392,4319,4324,723802
2011-10-12,15:00:00,4305,4354,4259,4351,841904
2011-10-13,15:00:00,4349,4350,4304,4320,638150
2011-10-14,15:00:00,4299,4340,4291,4316,705258
2011-10-17,15:00:00,4316,4325,4178,4186,1670164
2011-10-18,15:00:00,4154,4170,4095,4096,1565478
2011-10-19,15:00:00,4121,4128,4024,4055,1755822
2011-10-20,15:00:00,4004,4004,3856,3933,2683058
2011-10-21,15:00:00,3927,3995,3924,3972,1677878
2011-10-24,15:00:00,4013,4126,3967,4082,1868532
2011-10-25,15:00:00,4108,4140,4031,4037,2558438
2011-10-26,15:00:00,4001,4057,3991,4054,1751208
2011-10-27,15:00:00,4068,4082,4042,4058,1133806
2011-10-28,15:00:00,4113,4163,4069,4145,2386980
2011-10-31,15:00:00,4149,4170,4080,4128,1783900
2011-11-1,15:00:00,4131,4133,4053,4055,1763192
2011-11-2,15:00:00,4012,4055,3964,4055,1919488
2011-11-3,15:00:00,4037,4068,4007,4024,1626694
2011-11-4,15:00:00,4055,4132,4050,4127,1607664
2011-11-7,15:00:00,4124,4145,4099,4119,1195610
2011-11-8,15:00:00,4135,4168,4118,4158,1233844
2011-11-9,15:00:00,4172,4196,4163,4186,1350608
2011-11-10,15:00:00,4122,4124,4038,4077,1726250
2011-11-11,15:00:00,4101,4182,4096,4174,1429250
2011-11-14,15:00:00,4206,4237,4189,4207,1279146
2011-11-15,15:00:00,4181,4194,4165,4173,928502
2011-11-16,15:00:00,4181,4224,4147,4153,1036474
2011-11-17,15:00:00,4165,4201,4150,4195,874318
2011-11-18,15:00:00,4130,4184,4121,4173,794512
2011-11-21,15:00:00,4158,4174,4075,4102,1465022
2011-11-22,15:00:00,4071,4109,4059,4106,937348
2011-11-23,15:00:00,4111,4120,4055,4059,907106
2011-11-24,15:00:00,4046,4096,4014,4091,1337410
2011-11-25,15:00:00,4078,4089,4050,4067,846264
2011-11-28,15:00:00,4105,4123,4072,4105,882664
2011-11-29,15:00:00,4112,4150,4106,4144,1106254
2011-11-30,15:00:00,4146,4157,4088,4094,1037980
2011-12-1,15:00:00,4239,4258,4171,4187,1058474
2011-12-2,15:00:00,4176,4181,4153,4176,757514
2011-12-5,15:00:00,4176,4189,4171,4176,566686
2011-12-6,15:00:00,4168,4173,4139,4171,671088
2011-12-7,15:00:00,4184,4194,4167,4192,513808
2011-12-8,15:00:00,4180,4189,4164,4187,553600
2011-12-9,15:00:00,4165,4190,4159,4179,511514
2011-12-12,15:00:00,4189,4189,4162,4178,581482
2011-12-13,15:00:00,4161,4169,4144,4162,618616
2011-12-14,15:00:00,4156,4172,4142,4163,467460
2011-12-15,15:00:00,4116,4148,4113,4134,703042
2011-12-16,15:00:00,4141,4198,4138,4197,817638
2011-12-19,15:00:00,4194,4194,4162,4178,670094
2011-12-20,15:00:00,4178,4190,4169,4181,501164
2011-12-21,15:00:00,4202,4209,4181,4187,573998
2011-12-22,15:00:00,4185,4212,4174,4210,565404
2011-12-23,15:00:00,4215,4235,4205,4230,747374
2011-12-26,15:00:00,4230,4248,4222,4230,630416
2011-12-27,15:00:00,4230,4246,4226,4238,462864
2011-12-28,15:00:00,4242,4246,4222,4239,528980
2011-12-29,15:00:00,4220,4235,4200,4203,520082
2011-12-30,15:00:00,4209,4215,4187,4210,679966
2012-1-4,15:00:00,4234,4234,4159,4160,776212
2012-1-5,15:00:00,4152,4193,4147,4178,692268
2012-1-6,15:00:00,4168,4195,4163,4195,527428
2012-1-9,15:00:00,4189,4192,4160,4184,584838
2012-1-10,15:00:00,4185,4216,4176,4214,494422
2012-1-11,15:00:00,4224,4231,4205,4223,436340
2012-1-12,15:00:00,4217,4229,4210,4222,336908
2012-1-13,15:00:00,4229,4232,4212,4227,354790
2012-1-16,15:00:00,4206,4243,4201,4238,398790
2012-1-17,15:00:00,4239,4311,4239,4294,643508
2012-1-18,15:00:00,4294,4322,4286,4303,489948
2012-1-19,15:00:00,4311,4320,4300,4313,233124
2012-1-20,15:00:00,4315,4335,4300,4325,302992
2012-1-30,15:00:00,4325,4348,4319,4322,255160
2012-1-31,15:00:00,4320,4327,4261,4299,426250
2012-2-1,15:00:00,4289,4304,4286,4287,308602
2012-2-2,15:00:00,4297,4321,4293,4320,361984
2012-2-3,15:00:00,4316,4334,4312,4334,279858
2012-2-6,15:00:00,4344,4351,4325,4331,360534
2012-2-7,15:00:00,4329,4337,4274,4276,682654
2012-2-8,15:00:00,4285,4342,4281,4338,688074
2012-2-9,15:00:00,4330,4338,4293,4299,629904
2012-2-10,15:00:00,4305,4315,4284,4288,575642
2012-2-13,15:00:00,4268,4280,4244,4263,617360
2012-2-14,15:00:00,4258,4268,4250,4255,374368
2012-2-15,15:00:00,4257,4258,4192,4195,1027824
2012-2-16,15:00:00,4182,4190,4159,4172,922756
2012-2-17,15:00:00,4189,4194,4150,4159,832006
2012-2-20,15:00:00,4184,4190,4172,4180,627766
2012-2-21,15:00:00,4183,4230,4173,4230,1046578
2012-2-22,15:00:00,4233,4254,4223,4247,798426
2012-2-23,15:00:00,4241,4250,4220,4231,688070
2012-2-24,15:00:00,4226,4233,4214,4231,596898
2012-2-27,15:00:00,4239,4290,4239,4280,760602
2012-2-28,15:00:00,4281,4295,4268,4294,565268
2012-2-29,15:00:00,4288,4305,4275,4298,590230
2012-3-1,15:00:00,4286,4309,4279,4280,675288
2012-3-2,15:00:00,4293,4302,4285,4296,568544
2012-3-5,15:00:00,4290,4304,4254,4265,809148
2012-3-6,15:00:00,4263,4279,4255,4265,601248
2012-3-7,15:00:00,4236,4258,4229,4251,564346
2012-3-8,15:00:00,4260,4287,4260,4278,617724
2012-3-9,15:00:00,4290,4318,4289,4314,686050
2012-3-12,15:00:00,4329,4333,4313,4329,512350
2012-3-13,15:00:00,4328,4340,4326,4334,427436
2012-3-14,15:00:00,4345,4347,4308,4319,717762
2012-3-15,15:00:00,4314,4336,4306,4332,573794
2012-3-16,15:00:00,4342,4345,4315,4330,536710
2012-3-19,15:00:00,4329,4341,4321,4338,447310
2012-3-20,15:00:00,4343,4347,4322,4329,467284
2012-3-21,15:00:00,4322,4354,4321,4354,621602
2012-3-22,15:00:00,4353,4362,4342,4351,675198
2012-3-23,15:00:00,4348,4351,4335,4343,435022
2012-3-26,15:00:00,4346,4356,4342,4350,384324
2012-3-27,15:00:00,4356,4367,4351,4363,431622
2012-3-28,15:00:00,4357,4363,4341,4341,467452
2012-3-29,15:00:00,4335,4338,4311,4318,562466
2012-3-30,15:00:00,4319,4330,4312,4322,371754
2012-4-5,15:00:00,4306,4362,4291,4351,622610
2012-4-6,15:00:00,4352,4382,4350,4381,569058
2012-4-9,15:00:00,4376,4397,4367,4376,593030
2012-4-10,15:00:00,4370,4389,4370,4381,405972
2012-4-11,15:00:00,4359,4380,4359,4375,538250
2012-4-12,15:00:00,4375,4397,4375,4391,482984
2012-4-13,15:00:00,4399,4403,4367,4376,632418
2012-4-16,15:00:00,4356,4361,4327,4329,611244
2012-4-17,15:00:00,4334,4343,4317,4321,492584
2012-4-18,15:00:00,4332,4346,4320,4340,576142
2012-4-19,15:00:00,4331,4337,4303,4314,619188
2012-4-20,15:00:00,4310,4324,4297,4312,596470
2012-4-23,15:00:00,4313,4313,4277,4281,679066
2012-4-24,15:00:00,4278,4290,4259,4270,540470
2012-4-25,15:00:00,4273,4275,4251,4273,572824
2012-4-26,15:00:00,4274,4290,4270,4289,427224
2012-4-27,15:00:00,4294,4296,4266,4267,362446
2012-5-2,15:00:00,4278,4283,4245,4245,530306
2012-5-3,15:00:00,4241,4252,4234,4239,544096
2012-5-4,15:00:00,4234,4256,4233,4256,421738
2012-5-7,15:00:00,4239,4244,4216,4221,413632
2012-5-8,15:00:00,4226,4233,4210,4213,381972
2012-5-9,15:00:00,4205,4209,4170,4186,589410
2012-5-10,15:00:00,4201,4201,4180,4190,336828
2012-5-11,15:00:00,4187,4189,4148,4150,509134
2012-5-14,15:00:00,4164,4172,4132,4134,765886
2012-5-15,15:00:00,4117,4118,4056,4089,946186
2012-5-16,15:00:00,4067,4097,4049,4049,619058
2012-5-17,15:00:00,4051,4092,4051,4090,653046
2012-5-18,15:00:00,4076,4082,4051,4072,712250
2012-5-21,15:00:00,4071,4097,4068,4089,639114
2012-5-22,15:00:00,4097,4110,4060,4074,838476
2012-5-23,15:00:00,4049,4049,3997,4019,1087730
2012-5-24,15:00:00,4013,4028,4004,4027,674342
2012-5-25,15:00:00,4030,4043,4012,4037,536622
2012-5-28,15:00:00,4041,4096,4035,4090,997822
2012-5-29,15:00:00,4081,4118,4073,4115,1072892
2012-5-30,15:00:00,4099,4109,4087,4100,983116
2012-5-31,15:00:00,4070,4118,4066,4102,1002422
2012-6-1,15:00:00,4098,4114,4086,4095,972440
2012-6-4,15:00:00,4073,4074,4020,4032,1296020
2012-6-5,15:00:00,4059,4101,4047,4082,1004466
2012-6-6,15:00:00,4084,4111,4079,4094,916892
2012-6-7,15:00:00,4108,4127,4094,4099,819862
2012-6-8,15:00:00,4105,4125,4092,4105,1239074
2012-6-11,15:00:00,4122,4138,4111,4119,783856
2012-6-12,15:00:00,4102,4107,4079,4096,745126
2012-6-13,15:00:00,4102,4110,4093,4099,558752
2012-6-14,15:00:00,4091,4115,4087,4107,508928
2012-6-15,15:00:00,4115,4123,4109,4119,436940
2012-6-18,15:00:00,4130,4135,4119,4126,400934
2012-6-19,15:00:00,4122,4129,4117,4124,280584
2012-6-20,15:00:00,4127,4148,4127,4141,528408
2012-6-21,15:00:00,4123,4134,4113,4116,421638
2012-6-25,15:00:00,4106,4116,4093,4103,502594
2012-6-26,15:00:00,4110,4110,4072,4074,680324
2012-6-27,15:00:00,4077,4077,4058,4060,533072
2012-6-28,15:00:00,4067,4082,4063,4081,431554
2012-6-29,15:00:00,4075,4078,4037,4061,964404
2012-7-2,15:00:00,4087,4090,4018,4034,1155812
2012-7-3,15:00:00,4030,4078,4023,4070,900740
2012-7-4,15:00:00,4071,4091,4058,4080,873628
2012-7-5,15:00:00,4076,4091,4067,4086,663532
2012-7-6,15:00:00,4085,4091,4069,4079,439716
2012-7-9,15:00:00,4060,4060,4027,4036,741670
2012-7-10,15:00:00,4035,4036,3962,3967,1399788
2012-7-11,15:00:00,3953,3975,3939,3954,1244422
2012-7-12,15:00:00,3954,3964,3926,3945,901260
2012-7-13,15:00:00,3944,3963,3929,3962,767342
2012-7-16,15:00:00,3961,3961,3900,3906,1185998
2012-7-17,15:00:00,3900,3903,3858,3873,911292
2012-7-18,15:00:00,3865,3885,3857,3877,945174
2012-7-19,15:00:00,3873,3880,3831,3838,1076648
2012-7-20,15:00:00,3836,3836,3757,3760,1282410
2012-7-23,15:00:00,3704,3733,3661,3707,1397860
2012-7-24,15:00:00,3705,3745,3691,3722,1371776
2012-7-25,15:00:00,3698,3749,3698,3717,1486760
2012-7-26,15:00:00,3729,3743,3712,3733,1031592
2012-7-27,15:00:00,3741,3779,3734,3773,1094040
2012-7-30,15:00:00,3778,3787,3745,3768,1051422
2012-7-31,15:00:00,3776,3792,3771,3782,858772
2012-8-1,15:00:00,3772,3772,3708,3712,1733898
2012-8-2,15:00:00,3703,3703,3673,3680,1266310
2012-8-3,15:00:00,3648,3696,3642,3680,1290818
2012-8-6,15:00:00,3685,3706,3658,3690,1419604
2012-8-7,15:00:00,3688,3696,3674,3694,756384
2012-8-8,15:00:00,3695,3697,3670,3674,799482
2012-8-9,15:00:00,3676,3697,3673,3696,788166
2012-8-10,15:00:00,3690,3730,3688,3724,1426996
2012-8-13,15:00:00,3723,3736,3684,3688,1098728
2012-8-14,15:00:00,3692,3701,3661,3671,1401190
2012-8-15,15:00:00,3665,3691,3651,3674,1290020
2012-8-16,15:00:00,3672,3677,3659,3663,742800
2012-8-17,15:00:00,3668,3673,3619,3631,1620230
2012-8-20,15:00:00,3629,3633,3605,3612,1027458
2012-8-21,15:00:00,3604,3607,3583,3596,1034936
2012-8-22,15:00:00,3599,3615,3561,3563,1231386
2012-8-23,15:00:00,3565,3573,3525,3547,1798472
2012-8-24,15:00:00,3533,3537,3512,3514,1175200
2012-8-27,15:00:00,3511,3529,3498,3519,1413920
2012-8-28,15:00:00,3502,3503,3462,3462,1636122
2012-8-29,15:00:00,3461,3461,3335,3452,4392050
2012-8-30,15:00:00,3442,3461,3390,3448,3758838
2012-8-31,15:00:00,3422,3442,3413,3420,1509048
2012-9-3,15:00:00,3395,3399,3359,3360,2439352
2012-9-4,15:00:00,3341,3348,3284,3290,3280030
2012-9-5,15:00:00,3270,3308,3226,3235,3679042
2012-9-6,15:00:00,3224,3295,3213,3280,4822784
2012-9-7,15:00:00,3278,3414,3272,3414,6300084
2012-9-10,15:00:00,3448,3513,3415,3502,6388530
2012-9-11,15:00:00,3493,3500,3443,3469,5363944
2012-9-12,15:00:00,3458,3513,3442,3466,5927574
2012-9-13,15:00:00,3463,3485,3443,3463,3439402
2012-9-14,15:00:00,3535,3627,3524,3567,4177728
2012-9-17,15:00:00,3545,3578,3516,3562,4285254
2012-9-18,15:00:00,3540,3605,3539,3590,3570130
2012-9-19,15:00:00,3603,3644,3592,3644,3639830
2012-9-20,15:00:00,3630,3642,3488,3493,6274446
2012-9-21,15:00:00,3503,3513,3447,3488,5917918
2012-9-24,15:00:00,3482,3568,3468,3552,4708640
2012-9-25,15:00:00,3568,3594,3540,3555,4573942
2012-9-26,15:00:00,3541,3580,3513,3538,4176846
2012-9-27,15:00:00,3526,3649,3524,3577,2805052
2012-9-28,15:00:00,3587,3606,3559,3605,1654950
2012-10-8,15:00:00,3635,3672,3624,3661,2407280
2012-10-9,15:00:00,3689,3690,3656,3676,2486250
2012-10-10,15:00:00,3666,3706,3651,3690,2681232
2012-10-11,15:00:00,3673,3682,3620,3642,2637040
2012-10-12,15:00:00,3647,3677,3625,3644,2243772
2012-10-15,15:00:00,3612,3632,3570,3577,2446818
2012-10-16,15:00:00,3581,3606,3553,3603,2378126
2012-10-17,15:00:00,3604,3655,3588,3647,3233288
2012-10-18,15:00:00,3658,3672,3649,3660,1876622
2012-10-19,15:00:00,3660,3663,3630,3648,2087422
2012-10-22,15:00:00,3639,3711,3628,3710,2995510
2012-10-23,15:00:00,3711,3722,3647,3651,3696980
2012-10-24,15:00:00,3649,3680,3646,3672,2784406
2012-10-25,15:00:00,3672,3683,3641,3668,2734186
2012-10-26,15:00:00,3667,3687,3647,3673,2941736
2012-10-29,15:00:00,3679,3686,3618,3622,3077482
2012-10-30,15:00:00,3614,3638,3611,3626,1844566
2012-10-31,15:00:00,3630,3635,3592,3632,2711426
2012-11-1,15:00:00,3628,3683,3625,3675,2435056
2012-11-2,15:00:00,3674,3690,3653,3674,2274584
2012-11-5,15:00:00,3656,3674,3624,3643,2634346
2012-11-6,15:00:00,3650,3658,3624,3643,2054818
2012-11-7,15:00:00,3652,3658,3627,3638,2103246
2012-11-8,15:00:00,3612,3640,3602,3631,1767884
2012-11-9,15:00:00,3637,3675,3632,3645,2412762
2012-11-12,15:00:00,3639,3686,3628,3678,2511402
2012-11-13,15:00:00,3673,3681,3650,3657,1792420
2012-11-14,15:00:00,3660,3665,3636,3650,1516012
2012-11-15,15:00:00,3642,3669,3641,3652,1503682
2012-11-16,15:00:00,3650,3665,3643,3651,1076774
2012-11-19,15:00:00,3643,3646,3553,3555,3404502
2012-11-20,15:00:00,3564,3575,3550,3563,1951136
2012-11-21,15:00:00,3563,3589,3561,3580,1473034
2012-11-22,15:00:00,3578,3582,3545,3574,2331048
2012-11-23,15:00:00,3572,3586,3563,3581,1375398
2012-11-26,15:00:00,3570,3576,3554,3563,1335840
2012-11-27,15:00:00,3561,3564,3532,3546,2080650
2012-11-28,15:00:00,3540,3550,3533,3533,1222690
2012-11-29,15:00:00,3525,3529,3475,3476,2384262
2012-11-30,15:00:00,3481,3502,3472,3502,2328834
2012-12-3,15:00:00,3492,3573,3489,3554,2295008
2012-12-4,15:00:00,3554,3571,3540,3564,1589046
2012-12-5,15:00:00,3565,3632,3556,3620,2667786
2012-12-6,15:00:00,3623,3635,3584,3597,2234094
2012-12-7,15:00:00,3597,3658,3592,3657,2759842
2012-12-10,15:00:00,3672,3706,3665,3680,2333476
2012-12-11,15:00:00,3677,3691,3655,3666,2129998
2012-12-12,15:00:00,3665,3703,3656,3692,2913394
2012-12-13,15:00:00,3698,3703,3669,3685,2142936
2012-12-14,15:00:00,3681,3790,3677,3786,3567290
2012-12-17,15:00:00,3787,3836,3779,3812,2657262
2012-12-18,15:00:00,3816,3841,3790,3820,3267626
2012-12-19,15:00:00,3815,3827,3793,3818,2766948
2012-12-20,15:00:00,3811,3822,3764,3789,3054916
2012-12-21,15:00:00,3775,3831,3772,3792,2615664
2012-12-24,15:00:00,3785,3795,3770,3790,1630684
2012-12-25,15:00:00,3787,3884,3780,3872,3763022
2012-12-26,15:00:00,3867,3882,3862,3877,1795498
2012-12-27,15:00:00,3890,3956,3857,3868,3399382
2012-12-28,15:00:00,3873,3914,3868,3914,1999228
2012-12-31,15:00:00,3923,3991,3914,3986,2434736
2013-1-4,15:00:00,4009,4020,3965,3989,2321306
2013-1-7,15:00:00,4022,4045,3993,4003,2923816
2013-1-8,15:00:00,4009,4019,3967,4009,2544248
2013-1-9,15:00:00,4006,4014,3975,3997,2225108
2013-1-10,15:00:00,3996,4029,3982,4019,2914060
2013-1-11,15:00:00,4022,4028,3918,3925,3239058
2013-1-14,15:00:00,3924,4024,3893,4003,3943070
2013-1-15,15:00:00,4006,4011,3969,3977,2470342
2013-1-16,15:00:00,3967,3967,3898,3935,2754544
2013-1-17,15:00:00,3934,3949,3901,3947,2482336
2013-1-18,15:00:00,3966,4005,3954,4003,2387128
2013-1-21,15:00:00,3995,4013,3964,3966,2418396
2013-1-22,15:00:00,3968,3991,3947,3988,2347256
2013-1-23,15:00:00,3994,4056,3982,4054,2749580
2013-1-24,15:00:00,4052,4068,3999,4034,3778212
2013-1-25,15:00:00,4045,4086,4037,4078,3619616
2013-1-28,15:00:00,4076,4083,4060,4072,1920798
2013-1-29,15:00:00,4067,4079,4048,4073,1735192
2013-1-30,15:00:00,4080,4137,4078,4120,2446006
2013-1-31,15:00:00,4128,4136,4108,4133,1600796
2013-2-1,15:00:00,4129,4176,4117,4174,2255978
2013-2-4,15:00:00,4184,4241,4181,4227,1903842
2013-2-5,15:00:00,4209,4220,4152,4186,2966372
2013-2-6,15:00:00,4199,4199,4137,4149,2425448
2013-2-7,15:00:00,4147,4199,4129,4186,2216546
2013-2-8,15:00:00,4187,4222,4178,4205,1552252
2013-2-18,15:00:00,4212,4224,4121,4124,2083608
2013-2-19,15:00:00,4129,4177,4126,4150,2554578
2013-2-20,15:00:00,4154,4171,4130,4145,2738040
2013-2-21,15:00:00,4120,4133,4032,4063,4103642
2013-2-22,15:00:00,4051,4065,4011,4019,2388850
2013-2-25,15:00:00,4015,4028,3981,3997,2664978
2013-2-26,15:00:00,3963,4012,3941,3945,2746636
2013-2-27,15:00:00,3956,3998,3940,3974,3332568
2013-2-28,15:00:00,3982,4051,3981,4039,2963344
2013-3-1,15:00:00,4031,4035,3953,4009,3469280
2013-3-4,15:00:00,3970,3977,3884,3901,4025924
2013-3-5,15:00:00,3907,3944,3889,3936,2805560
2013-3-6,15:00:00,3941,3961,3911,3934,2987186
2013-3-7,15:00:00,3933,3946,3914,3929,3036508
2013-3-8,15:00:00,3952,3957,3890,3926,3351684
2013-3-11,15:00:00,3914,3937,3868,3907,3417636
2013-3-12,15:00:00,3905,3923,3874,3892,3139538
2013-3-13,15:00:00,3896,3898,3819,3831,3604630
2013-3-14,15:00:00,3817,3824,3741,3764,4098616
2013-3-15,15:00:00,3767,3916,3765,3858,5106786
2013-3-18,15:00:00,3839,3861,3783,3828,3625618
2013-3-19,15:00:00,3833,3847,3817,3841,2223932
2013-3-20,15:00:00,3824,3883,3820,3868,2657198
2013-3-21,15:00:00,3879,3926,3872,3900,3384506
2013-3-22,15:00:00,3884,3920,3873,3876,2329194
2013-3-25,15:00:00,3882,3924,3881,3910,2681496
2013-3-26,15:00:00,3906,3942,3862,3880,3273358
2013-3-27,15:00:00,3891,3914,3879,3888,2479492
2013-3-28,15:00:00,3898,3905,3812,3823,3595358
2013-3-29,15:00:00,3787,3839,3767,3809,3042244
2013-4-1,15:00:00,3788,3796,3710,3722,3595708
2013-4-2,15:00:00,3732,3772,3705,3768,3569588
2013-4-3,15:00:00,3760,3818,3753,3797,3432486
2013-4-8,15:00:00,3778,3844,3767,3834,3269950
2013-4-9,15:00:00,3844,3859,3819,3846,2975610
2013-4-10,15:00:00,3854,3860,3822,3845,2403470
2013-4-11,15:00:00,3847,3886,3823,3823,3294358
2013-4-12,15:00:00,3822,3842,3812,3836,3011086
2013-4-15,15:00:00,3795,3802,3711,3737,4020242
2013-4-16,15:00:00,3675,3761,3665,3749,3813774
2013-4-17,15:00:00,3767,3774,3677,3698,4560126
2013-4-18,15:00:00,3618,3684,3598,3650,4829382
2013-4-19,15:00:00,3671,3696,3640,3685,3396776
2013-4-22,15:00:00,3705,3716,3644,3647,2940386
2013-4-23,15:00:00,3650,3663,3584,3600,3548574
2013-4-24,15:00:00,3604,3683,3578,3645,4267556
2013-4-25,15:00:00,3648,3668,3625,3647,2411724
2013-4-26,15:00:00,3672,3682,3600,3600,2991574
2013-5-2,15:00:00,3539,3573,3531,3543,2325310
2013-5-3,15:00:00,3555,3610,3546,3581,3417272
2013-5-6,15:00:00,3640,3650,3610,3622,3048844
2013-5-7,15:00:00,3613,3658,3600,3624,3288936
2013-5-8,15:00:00,3626,3670,3622,3669,2739378
2013-5-9,15:00:00,3669,3672,3607,3621,2995562
2013-5-10,15:00:00,3612,3646,3588,3639,3623276
2013-5-13,15:00:00,3633,3687,3622,3657,4389704
2013-5-14,15:00:00,3659,3668,3612,3633,3469034
2013-5-15,15:00:00,3628,3629,3554,3555,3691826
2013-5-16,15:00:00,3553,3584,3528,3551,3889342
2013-5-17,15:00:00,3558,3630,3525,3625,6455988
2013-5-20,15:00:00,3617,3646,3604,3609,3959392
2013-5-21,15:00:00,3622,3629,3570,3593,3964212
2013-5-22,15:00:00,3586,3616,3567,3597,4323990
2013-5-23,15:00:00,3581,3589,3554,3556,3504302
2013-5-24,15:00:00,3563,3587,3559,3574,2888400
2013-5-27,15:00:00,3552,3552,3500,3500,4158384
2013-5-28,15:00:00,3498,3512,3483,3495,3153068
2013-5-29,15:00:00,3477,3504,3438,3444,3778440
2013-5-30,15:00:00,3431,3460,3425,3443,3450650
2013-5-31,15:00:00,3450,3464,3416,3421,3533470
2013-6-3,15:00:00,3437,3492,3437,3490,4180190
2013-6-4,15:00:00,3496,3501,3464,3487,3179090
2013-6-5,15:00:00,3486,3500,3472,3491,2549294
2013-6-6,15:00:00,3476,3480,3420,3429,3515518
2013-6-7,15:00:00,3424,3433,3401,3430,2644684
2013-6-13,15:00:00,3408,3450,3399,3430,2577466
2013-6-14,15:00:00,3429,3442,3391,3434,3034432
2013-6-17,15:00:00,3476,3520,3464,3488,3431830
2013-6-18,15:00:00,3492,3504,3483,3497,2055220
2013-6-19,15:00:00,3500,3540,3476,3537,3928544
2013-6-20,15:00:00,3525,3526,3466,3493,4458162
2013-6-21,15:00:00,3453,3560,3442,3536,6715022
2013-6-24,15:00:00,3519,3523,3462,3469,5199058
2013-6-25,15:00:00,3477,3485,3438,3476,5136558
2013-6-26,15:00:00,3482,3488,3432,3443,3456174
2013-6-27,15:00:00,3451,3510,3427,3496,4818684
2013-6-28,15:00:00,3487,3531,3482,3511,3697510
2013-7-1,15:00:00,3510,3520,3484,3509,3109774
2013-7-2,15:00:00,3527,3540,3515,3535,2904060
2013-7-3,15:00:00,3538,3602,3533,3591,4360170
2013-7-4,15:00:00,3598,3608,3578,3596,3210714
2013-7-5,15:00:00,3598,3612,3592,3595,2532956
2013-7-8,15:00:00,3589,3600,3557,3584,3552916
2013-7-9,15:00:00,3586,3602,3567,3577,3108552
2013-7-10,15:00:00,3575,3627,3563,3616,4147414
2013-7-11,15:00:00,3631,3678,3611,3624,4809768
2013-7-12,15:00:00,3626,3648,3616,3635,2845696
2013-7-15,15:00:00,3643,3672,3640,3641,3144220
2013-7-16,15:00:00,3649,3663,3635,3656,2451450
2013-7-17,15:00:00,3654,3684,3654,3659,2902356
2013-7-18,15:00:00,3653,3660,3643,3658,1920098
2013-7-19,15:00:00,3668,3689,3664,3671,2294358
2013-7-22,15:00:00,3672,3675,3642,3659,1890950
2013-7-23,15:00:00,3659,3673,3655,3669,1659160
2013-7-24,15:00:00,3675,3689,3659,3677,2353158
2013-7-25,15:00:00,3669,3685,3667,3669,1440560
2013-7-26,15:00:00,3672,3674,3644,3654,1540860
2013-7-29,15:00:00,3635,3639,3615,3625,1528366
2013-7-30,15:00:00,3628,3635,3618,3621,1317688
2013-7-31,15:00:00,3608,3651,3603,3631,1929596
2013-8-1,15:00:00,3641,3647,3624,3636,1320770
2013-8-2,15:00:00,3641,3665,3640,3664,1753906
2013-8-5,15:00:00,3667,3676,3664,3673,1001456
2013-8-6,15:00:00,3675,3681,3659,3679,1245696
2013-8-7,15:00:00,3681,3709,3673,3704,1936276
2013-8-8,15:00:00,3714,3739,3711,3735,1732646
2013-8-9,15:00:00,3735,3749,3710,3746,1929856
2013-8-12,15:00:00,3760,3803,3752,3801,2141628
2013-8-13,15:00:00,3809,3833,3795,3828,2136290
2013-8-14,15:00:00,3827,3839,3796,3811,1837626
2013-8-15,15:00:00,3815,3824,3807,3809,2487404
2013-8-16,15:00:00,3811,3826,3791,3800,1879634
2013-8-19,15:00:00,3787,3830,3775,3801,1952288
2013-8-20,15:00:00,3794,3816,3783,3787,1567776
2013-8-21,15:00:00,3786,3797,3777,3779,1176842
2013-8-22,15:00:00,3767,3788,3753,3759,1797194
2013-8-23,15:00:00,3763,3810,3762,3806,2178466
2013-8-26,15:00:00,3815,3836,3792,3802,2095472
2013-8-27,15:00:00,3790,3819,3767,3807,2176400
2013-8-28,15:00:00,3805,3822,3755,3757,2402436
2013-8-29,15:00:00,3756,3779,3719,3740,2383578
2013-8-30,15:00:00,3731,3758,3730,3743,1473676
2013-9-2,15:00:00,3753,3785,3753,3776,1491578
2013-9-3,15:00:00,3780,3787,3734,3738,2052862
2013-9-4,15:00:00,3740,3748,3723,3731,1338392
2013-9-5,15:00:00,3724,3741,3718,3726,1235982
2013-9-6,15:00:00,3727,3727,3701,3718,1584178
2013-9-9,15:00:00,3733,3758,3731,3746,1378628
2013-9-10,15:00:00,3748,3749,3717,3731,1212720
2013-9-11,15:00:00,3728,3737,3713,3723,1332900
2013-9-12,15:00:00,3719,3730,3707,3710,1087162
2013-9-13,15:00:00,3704,3707,3655,3657,1914882
2013-9-16,15:00:00,3664,3667,3628,3647,1462492
2013-9-17,15:00:00,3648,3660,3636,3647,1235446
2013-9-18,15:00:00,3638,3643,3619,3634,1429724
2013-9-23,15:00:00,3629,3658,3614,3657,1497830
2013-9-24,15:00:00,3652,3666,3629,3629,1284068
2013-9-25,15:00:00,3627,3639,3620,3629,1067142
2013-9-26,15:00:00,3629,3631,3608,3616,1075818
2013-9-27,15:00:00,3612,3613,3575,3581,1215914
2013-9-30,15:00:00,3593,3603,3586,3593,687322
2013-10-8,15:00:00,3579,3606,3547,3605,1147416
2013-10-9,15:00:00,3601,3628,3587,3599,1929444
2013-10-10,15:00:00,3598,3619,3595,3609,1122588
2013-10-11,15:00:00,3613,3632,3602,3614,1318922
2013-10-14,15:00:00,3615,3646,3610,3643,1360968
2013-10-15,15:00:00,3644,3656,3610,3629,1611730
2013-10-16,15:00:00,3633,3636,3589,3598,1628322
2013-10-17,15:00:00,3606,3617,3590,3591,1454012
2013-10-18,15:00:00,3599,3609,3572,3596,2268900
2013-10-21,15:00:00,3585,3612,3581,3600,1604104
2013-10-22,15:00:00,3595,3611,3589,3593,1100532
2013-10-23,15:00:00,3599,3610,3576,3580,1437038
2013-10-24,15:00:00,3566,3576,3555,3563,1403226
2013-10-25,15:00:00,3562,3573,3532,3533,1196356
2013-10-28,15:00:00,3533,3544,3525,3534,855594
2013-10-29,15:00:00,3529,3552,3527,3552,1492616
2013-10-30,15:00:00,3555,3590,3553,3590,1629590
2013-10-31,15:00:00,3584,3593,3572,3582,1384850
2013-11-1,15:00:00,3581,3630,3578,3624,2242448
2013-11-4,15:00:00,3627,3635,3619,3632,1479458
2013-11-5,15:00:00,3637,3646,3615,3630,1538246
2013-11-6,15:00:00,3631,3636,3602,3609,1679428
2013-11-7,15:00:00,3611,3663,3611,3655,2310148
2013-11-8,15:00:00,3657,3662,3638,3640,1541598
2013-11-11,15:00:00,3633,3654,3614,3645,1659882
2013-11-12,15:00:00,3644,3658,3635,3646,1350484
2013-11-13,15:00:00,3635,3654,3626,3627,1683298
2013-11-14,15:00:00,3623,3629,3597,3601,2024180
2013-11-15,15:00:00,3604,3618,3576,3578,2075882
2013-11-18,15:00:00,3580,3594,3572,3579,1439946
2013-11-19,15:00:00,3573,3612,3573,3611,1795988
2013-11-20,15:00:00,3617,3636,3611,3633,1983956
2013-11-21,15:00:00,3630,3633,3598,3603,1741166
2013-11-22,15:00:00,3608,3623,3601,3604,1275398
2013-11-25,15:00:00,3614,3631,3605,3624,1542970
2013-11-26,15:00:00,3626,3649,3626,3649,2568102
2013-11-27,15:00:00,3649,3653,3636,3641,1435564
2013-11-28,15:00:00,3639,3671,3638,3660,1800728
2013-11-29,15:00:00,3663,3669,3653,3660,1000740
2013-12-2,15:00:00,3663,3691,3663,3688,1647080
2013-12-3,15:00:00,3688,3703,3682,3703,1414706
2013-12-4,15:00:00,3704,3721,3702,3708,1591908
2013-12-5,15:00:00,3712,3712,3689,3690,1322864
2013-12-6,15:00:00,3690,3696,3680,3696,1291918
2013-12-9,15:00:00,3697,3720,3697,3718,1441816
2013-12-10,15:00:00,3724,3730,3705,3714,1177468
2013-12-11,15:00:00,3715,3738,3692,3736,2082894
2013-12-12,15:00:00,3743,3745,3725,3728,1370784
2013-12-13,15:00:00,3728,3728,3667,3680,2627304
2013-12-16,15:00:00,3683,3698,3673,3676,1370310
2013-12-17,15:00:00,3679,3693,3669,3670,1450068
2013-12-18,15:00:00,3661,3670,3652,3664,1376044
2013-12-19,15:00:00,3671,3678,3651,3659,1118598
2013-12-20,15:00:00,3659,3672,3638,3638,1376312
2013-12-23,15:00:00,3629,3633,3613,3621,1227064
2013-12-24,15:00:00,3618,3642,3618,3638,1044738
2013-12-25,15:00:00,3646,3649,3604,3615,1421554
2013-12-26,15:00:00,3611,3623,3596,3617,1369372
2013-12-27,15:00:00,3618,3635,3610,3626,1408754
2013-12-30,15:00:00,3624,3641,3586,3590,1606300
2013-12-31,15:00:00,3589,3610,3580,3588,1388124
2014-1-2,15:00:00,3587,3612,3585,3611,1108358
2014-1-3,15:00:00,3608,3609,3553,3565,1401050
2014-1-6,15:00:00,3559,3564,3539,3541,1248098
2014-1-7,15:00:00,3543,3545,3489,3492,1707452
2014-1-8,15:00:00,3482,3505,3476,3495,1356636
2014-1-9,15:00:00,3492,3513,3479,3483,1424884
2014-1-10,15:00:00,3479,3521,3470,3516,1794364
2014-1-13,15:00:00,3509,3517,3477,3487,1328988
2014-1-14,15:00:00,3488,3519,3483,3517,1326230
2014-1-15,15:00:00,3515,3530,3505,3522,1241854
2014-1-16,15:00:00,3526,3532,3500,3508,1385172
2014-1-17,15:00:00,3503,3503,3478,3494,1082680
2014-1-20,15:00:00,3487,3502,3471,3475,1549474
2014-1-21,15:00:00,3462,3469,3431,3434,1676246
2014-1-22,15:00:00,3430,3462,3427,3449,1551728
2014-1-23,15:00:00,3452,3490,3445,3488,1604724
2014-1-24,15:00:00,3479,3513,3470,3513,1570984
2014-1-27,15:00:00,3502,3504,3486,3501,975156
2014-1-28,15:00:00,3492,3494,3460,3462,1104422
2014-1-29,15:00:00,3461,3480,3449,3471,917494
2014-1-30,15:00:00,3465,3491,3464,3483,603026
2014-2-7,15:00:00,3475,3477,3431,3441,1051950
2014-2-10,15:00:00,3436,3458,3412,3453,1779412
2014-2-11,15:00:00,3447,3456,3417,3418,1381628
2014-2-12,15:00:00,3417,3434,3413,3423,1299066
2014-2-13,15:00:00,3427,3444,3415,3429,1321306
2014-2-14,15:00:00,3432,3452,3429,3451,1237710
2014-2-17,15:00:00,3453,3498,3453,3495,1984948
2014-2-18,15:00:00,3495,3503,3465,3472,1347478
2014-2-19,15:00:00,3483,3491,3472,3477,1216952
2014-2-20,15:00:00,3473,3476,3434,3435,1466802
2014-2-21,15:00:00,3440,3445,3429,3430,1099312
2014-2-24,15:00:00,3428,3429,3361,3373,2158912
2014-2-25,15:00:00,3371,3388,3345,3358,1439254
2014-2-26,15:00:00,3354,3377,3350,3365,1309118
2014-2-27,15:00:00,3367,3398,3362,3390,1449598
2014-2-28,15:00:00,3386,3396,3349,3367,1685754
2014-3-3,15:00:00,3369,3383,3350,3378,1823254
2014-3-4,15:00:00,3379,3381,3343,3365,1939356
2014-3-5,15:00:00,3371,3393,3352,3379,2689770
2014-3-6,15:00:00,3372,3375,3349,3350,2038182
2014-3-7,15:00:00,3348,3355,3288,3300,3320128
2014-3-10,15:00:00,3255,3255,3192,3193,1943500
2014-3-11,15:00:00,3143,3231,3140,3206,3552908
2014-3-12,15:00:00,3156,3234,3120,3228,3665926
2014-3-13,15:00:00,3234,3261,3221,3260,2592424
2014-3-14,15:00:00,3243,3252,3199,3239,2323870
2014-3-17,15:00:00,3247,3258,3209,3211,2313102
2014-3-18,15:00:00,3211,3259,3207,3226,2505320
2014-3-19,15:00:00,3226,3248,3213,3234,2557554
2014-3-20,15:00:00,3258,3271,3225,3225,2922176
2014-3-21,15:00:00,3227,3247,3207,3218,2889196
2014-3-24,15:00:00,3214,3222,3190,3213,2581948
2014-3-25,15:00:00,3213,3307,3210,3286,4355398
2014-3-26,15:00:00,3283,3283,3259,3272,2029386
2014-3-27,15:00:00,3268,3292,3250,3267,2398598
2014-3-28,15:00:00,3268,3306,3268,3303,2507080
2014-3-31,15:00:00,3306,3342,3306,3325,2667968
2014-4-1,15:00:00,3324,3332,3313,3327,1729604
2014-4-2,15:00:00,3341,3347,3313,3314,2167248
2014-4-3,15:00:00,3324,3340,3308,3333,2145378
2014-4-4,15:00:00,3336,3374,3331,3369,2304976
2014-4-8,15:00:00,3383,3422,3381,3411,2434162
2014-4-9,15:00:00,3412,3416,3378,3382,1919698
2014-4-10,15:00:00,3389,3403,3367,3368,2195722
2014-4-11,15:00:00,3384,3384,3353,3359,1822392
2014-4-14,15:00:00,3356,3393,3348,3360,2557762
2014-4-15,15:00:00,3358,3369,3336,3369,2062126
2014-4-16,15:00:00,3359,3360,3324,3330,2144898
2014-4-17,15:00:00,3337,3342,3325,3325,1570722
2014-4-18,15:00:00,3325,3325,3239,3247,3300576
2014-4-21,15:00:00,3253,3262,3237,3237,1476106
2014-4-22,15:00:00,3236,3255,3213,3246,2242684
2014-4-23,15:00:00,3250,3269,3219,3268,2363254
2014-4-24,15:00:00,3270,3291,3264,3285,2505216
2014-4-25,15:00:00,3291,3297,3270,3279,1635748
2014-4-28,15:00:00,3263,3263,3217,3225,2088402
2014-4-29,15:00:00,3224,3261,3224,3248,2032096
2014-4-30,15:00:00,3248,3250,3219,3225,1596148
2014-5-5,15:00:00,3218,3242,3191,3236,1807830
2014-5-6,15:00:00,3234,3246,3215,3221,1593568
2014-5-7,15:00:00,3218,3227,3188,3188,2722126
2014-5-8,15:00:00,3180,3196,3169,3176,2285472
2014-5-9,15:00:00,3177,3182,3154,3163,1917736
2014-5-12,15:00:00,3148,3189,3148,3188,2213886
2014-5-13,15:00:00,3193,3197,3160,3163,1971684
2014-5-14,15:00:00,3163,3177,3159,3164,1652056
2014-5-15,15:00:00,3162,3171,3129,3130,2136152
2014-5-16,15:00:00,3126,3129,3063,3088,2965180
2014-5-19,15:00:00,3080,3104,3071,3078,2853850
2014-5-20,15:00:00,3076,3084,3063,3067,2109220
2014-5-21,15:00:00,3067,3088,3057,3076,2526738
2014-5-22,15:00:00,3074,3116,3074,3081,3126896
2014-5-23,15:00:00,3086,3096,3079,3087,2025018
2014-5-26,15:00:00,3092,3148,3092,3143,3189232
2014-5-27,15:00:00,3129,3155,3128,3144,1996998
2014-5-28,15:00:00,3138,3144,3102,3115,2459324
2014-5-29,15:00:00,3114,3125,3107,3110,1727226
2014-5-30,15:00:00,3105,3105,3051,3059,2703774
2014-6-3,15:00:00,3061,3072,3043,3058,2108666
2014-6-4,15:00:00,3056,3071,3054,3063,1821236
2014-6-5,15:00:00,3066,3079,3038,3069,2753202
2014-6-6,15:00:00,3071,3085,3063,3080,2261392
2014-6-9,15:00:00,3076,3086,3062,3068,1920978
2014-6-10,15:00:00,3072,3081,3047,3070,2742440
2014-6-11,15:00:00,3071,3073,3049,3050,1883528
2014-6-12,15:00:00,3043,3049,3030,3030,2077598
2014-6-13,15:00:00,3020,3049,3018,3031,2248674
2014-6-16,15:00:00,3020,3027,3004,3005,2280404
2014-6-17,15:00:00,3002,3028,2998,3022,2442988
2014-6-18,15:00:00,3024,3031,3010,3013,1619322
2014-6-19,15:00:00,3013,3027,3009,3015,1801596
2014-6-20,15:00:00,3016,3052,3006,3050,3111338
2014-6-23,15:00:00,3048,3079,3048,3075,2791862
2014-6-24,15:00:00,3068,3071,3052,3067,1959864
2014-6-25,15:00:00,3066,3087,3066,3081,1944510
2014-6-26,15:00:00,3087,3120,3086,3116,2889778
2014-6-27,15:00:00,3117,3122,3088,3089,1988004
2014-6-30,15:00:00,3090,3090,3071,3075,1697974
2014-7-1,15:00:00,3081,3088,3063,3074,1879548
2014-7-2,15:00:00,3076,3103,3052,3103,3290150
2014-7-3,15:00:00,3109,3120,3090,3091,2316712
2014-7-4,15:00:00,3093,3106,3084,3094,2426134
2014-7-7,15:00:00,3098,3105,3069,3082,2989916
2014-7-8,15:00:00,3085,3110,3073,3108,2495070
2014-7-9,15:00:00,3107,3110,3086,3088,2096240
2014-7-10,15:00:00,3085,3126,3082,3105,3524932
2014-7-11,15:00:00,3110,3123,3103,3120,3061362
2014-7-14,15:00:00,3123,3146,3120,3138,2839228
2014-7-15,15:00:00,3140,3147,3130,3137,2002330
2014-7-16,15:00:00,3137,3143,3128,3128,1579106
2014-7-17,15:00:00,3124,3134,3116,3117,1828404
2014-7-18,15:00:00,3115,3115,3054,3056,3206392
2014-7-21,15:00:00,3066,3067,3046,3047,2106368
2014-7-22,15:00:00,3045,3066,3044,3051,1980100
2014-7-23,15:00:00,3052,3053,3038,3045,2030578
2014-7-24,15:00:00,3040,3059,3036,3041,2482416
2014-7-25,15:00:00,3046,3057,3040,3053,1941038
2014-7-28,15:00:00,3048,3085,3048,3081,2920836
2014-7-29,15:00:00,3089,3116,3081,3108,3284338
2014-7-30,15:00:00,3101,3103,3076,3078,2446082
2014-7-31,15:00:00,3080,3089,3072,3077,1642174
2014-8-1,15:00:00,3072,3086,3060,3073,2415224
2014-8-4,15:00:00,3073,3111,3068,3109,3107222
2014-8-5,15:00:00,3109,3125,3101,3108,3221936
2014-8-6,15:00:00,3101,3125,3097,3107,2826006
2014-8-7,15:00:00,3112,3128,3102,3102,2410944
2014-8-8,15:00:00,3099,3108,3081,3091,2398984
2014-8-11,15:00:00,3089,3101,3066,3066,2747966
2014-8-12,15:00:00,3085,3085,3057,3067,1893700
2014-8-13,15:00:00,3067,3076,3046,3048,2880438
2014-8-14,15:00:00,3047,3050,3025,3026,2297128
2014-8-15,15:00:00,3023,3041,3020,3035,2570342
2014-8-18,15:00:00,3034,3039,3012,3015,2569132
2014-8-19,15:00:00,3015,3032,3008,3020,2201824
2014-8-20,15:00:00,3018,3018,2995,2995,2362536
2014-8-21,15:00:00,2998,3000,2983,2986,2049514
2014-8-22,15:00:00,2983,3004,2982,2990,2096946
2014-8-25,15:00:00,2979,2982,2966,2978,2056926
2014-8-26,15:00:00,2980,2991,2968,2983,1880818
2014-8-27,15:00:00,2985,2992,2968,2968,2137238
2014-8-28,15:00:00,2964,2971,2930,2940,3436858
2014-8-29,15:00:00,2937,2948,2929,2940,2082324
2014-9-1,15:00:00,2942,2943,2916,2916,2400054
2014-9-2,15:00:00,2916,2930,2899,2912,3821660
2014-9-3,15:00:00,2904,2907,2856,2858,4136054
2014-9-4,15:00:00,2858,2866,2841,2841,4150194
2014-9-5,15:00:00,2842,2849,2830,2837,3554428
2014-9-9,15:00:00,2823,2833,2771,2772,4543396
2014-9-10,15:00:00,2764,2813,2728,2782,7060566
2014-9-11,15:00:00,2777,2786,2752,2760,3948660
2014-9-12,15:00:00,2759,2794,2755,2793,4235112
2014-9-15,15:00:00,2820,2835,2805,2830,5244800
2014-9-16,15:00:00,2830,2836,2785,2794,5520852
2014-9-17,15:00:00,2810,2816,2786,2809,4646292
2014-9-18,15:00:00,2801,2802,2772,2773,4078200
2014-9-19,15:00:00,2763,2768,2713,2719,6143062
2014-9-22,15:00:00,2700,2700,2624,2624,5499884
2014-9-23,15:00:00,2614,2654,2601,2624,6769196
2014-9-24,15:00:00,2621,2643,2617,2623,4974852
2014-9-25,15:00:00,2620,2628,2545,2554,8487566
2014-9-26,15:00:00,2559,2628,2545,2596,9914132
2014-9-29,15:00:00,2592,2603,2522,2534,7519838
2014-9-30,15:00:00,2542,2564,2531,2537,4112978
2014-10-8,15:00:00,2556,2576,2514,2519,4938208
2014-10-9,15:00:00,2525,2569,2519,2556,5920630
2014-10-10,15:00:00,2549,2599,2533,2579,6748476
2014-10-13,15:00:00,2605,2668,2603,2662,8031740
2014-10-14,15:00:00,2659,2666,2632,2649,5236444
2014-10-15,15:00:00,2650,2670,2630,2653,6289394
2014-10-16,15:00:00,2636,2665,2598,2636,8879552
2014-10-17,15:00:00,2638,2657,2614,2627,5467456
2014-10-20,15:00:00,2633,2652,2611,2638,6297172
2014-10-21,15:00:00,2634,2644,2614,2615,4417654
2014-10-22,15:00:00,2623,2623,2560,2571,7273406
2014-10-23,15:00:00,2565,2578,2542,2552,7272832
2014-10-24,15:00:00,2556,2578,2546,2577,5664774
2014-10-27,15:00:00,2582,2588,2566,2577,4665208
2014-10-28,15:00:00,2573,2585,2561,2577,4783840
2014-10-29,15:00:00,2578,2614,2573,2614,5888286
2014-10-30,15:00:00,2615,2642,2602,2612,6923606
2014-10-31,15:00:00,2611,2615,2585,2588,5601376
2014-11-3,15:00:00,2583,2602,2559,2560,6449498
2014-11-4,15:00:00,2552,2587,2545,2576,6616400
2014-11-5,15:00:00,2573,2585,2534,2535,6764950
2014-11-6,15:00:00,2545,2559,2536,2547,6136240
2014-11-7,15:00:00,2549,2569,2527,2557,7409652
2014-11-10,15:00:00,2578,2598,2569,2580,7514740
2014-11-11,15:00:00,2578,2585,2558,2572,4927536
2014-11-12,15:00:00,2580,2587,2559,2573,5568242
2014-11-13,15:00:00,2568,2568,2537,2539,4914934
2014-11-14,15:00:00,2533,2553,2532,2542,3899304
2014-11-17,15:00:00,2546,2553,2526,2532,4594054
2014-11-18,15:00:00,2527,2527,2448,2458,8661998
2014-11-19,15:00:00,2456,2474,2449,2460,6247268
2014-11-20,15:00:00,2461,2472,2449,2452,4510932
2014-11-21,15:00:00,2458,2476,2432,2465,7048632
2014-11-24,15:00:00,2456,2494,2450,2451,6018132
2014-11-25,15:00:00,2467,2467,2439,2463,5715442
2014-11-26,15:00:00,2454,2468,2444,2460,5129596
2014-11-27,15:00:00,2456,2549,2456,2548,8837484
2014-11-28,15:00:00,2530,2581,2524,2553,8417744
2014-12-1,15:00:00,2533,2549,2512,2526,7090246
2014-12-2,15:00:00,2552,2560,2490,2509,6690534
2014-12-3,15:00:00,2506,2543,2500,2537,7204922
2014-12-4,15:00:00,2539,2594,2537,2570,8391462
2014-12-5,15:00:00,2566,2578,2552,2563,4908726
2014-12-8,15:00:00,2568,2593,2544,2546,5996492
2014-12-9,15:00:00,2539,2560,2511,2560,6977746
2014-12-10,15:00:00,2562,2575,2542,2567,6292790
2014-12-11,15:00:00,2561,2603,2555,2569,6749636
2014-12-12,15:00:00,2570,2593,2566,2588,5818342
2014-12-15,15:00:00,2592,2597,2572,2573,3415378
2014-12-16,15:00:00,2583,2583,2532,2550,4689000
2014-12-17,15:00:00,2538,2551,2534,2543,3681948
2014-12-18,15:00:00,2548,2557,2524,2552,4877936
2014-12-19,15:00:00,2556,2576,2552,2573,4027490
2014-12-22,15:00:00,2565,2568,2510,2520,5326724
2014-12-23,15:00:00,2503,2503,2472,2476,4837968
2014-12-24,15:00:00,2475,2510,2470,2503,4163090
2014-12-25,15:00:00,2501,2503,2482,2488,2715334
2014-12-26,15:00:00,2489,2494,2480,2486,2042736
2014-12-27,1:00:00,2482,2490,2474,2489,264890
2014-12-29,15:00:00,2494,2530,2493,2526,3026208
2014-12-30,15:00:00,2525,2614,2519,2612,6899960
2014-12-31,15:00:00,2621,2628,2578,2597,4471184
2015-1-5,15:00:00,2555,2573,2549,2564,3060378
2015-1-6,15:00:00,2556,2647,2553,2622,7828302
2015-1-7,15:00:00,2618,2618,2574,2588,4588006
2015-1-8,15:00:00,2588,2605,2568,2582,3893890
2015-1-9,15:00:00,2587,2590,2550,2560,3794458
2015-1-10,1:00:00,2560,2587,2558,2568,1611792
2015-1-12,15:00:00,2558,2558,2503,2504,3924312
2015-1-13,15:00:00,2500,2516,2486,2512,3523854
2015-1-14,15:00:00,2501,2520,2458,2489,5366694
2015-1-15,15:00:00,2486,2524,2475,2520,4675314
2015-1-16,15:00:00,2521,2532,2499,2512,4091550
2015-1-17,1:00:00,2502,2507,2481,2485,1242232
2015-1-19,15:00:00,2483,2527,2474,2517,4946192
2015-1-20,15:00:00,2513,2527,2489,2490,4010760
2015-1-21,15:00:00,2487,2513,2474,2475,4294802
2015-1-22,15:00:00,2466,2493,2466,2482,3618076
2015-1-23,15:00:00,2482,2498,2475,2487,3952386
2015-1-24,1:00:00,2484,2487,2472,2483,1069826
2015-1-26,15:00:00,2483,2489,2447,2455,3925926
2015-1-27,15:00:00,2458,2473,2454,2461,2535786
2015-1-28,15:00:00,2469,2480,2460,2478,2615890
2015-1-29,15:00:00,2477,2519,2476,2512,4088766
2015-1-30,15:00:00,2517,2517,2496,2502,2480702
2015-1-31,1:00:00,2506,2528,2492,2503,1307262
2015-2-2,15:00:00,2504,2512,2492,2502,1747478
2015-2-3,15:00:00,2505,2514,2490,2491,3055078
2015-2-4,15:00:00,2496,2529,2487,2488,3693090
2015-2-5,15:00:00,2500,2513,2493,2493,2349822
2015-2-6,15:00:00,2496,2516,2495,2515,2279650
2015-2-7,1:00:00,2515,2531,2508,2509,773080
2015-2-9,15:00:00,2509,2512,2488,2501,1481932
2015-2-10,15:00:00,2500,2517,2499,2512,1170470
2015-2-11,15:00:00,2514,2517,2504,2514,867934
2015-2-12,15:00:00,2514,2518,2498,2510,1115424
2015-2-13,15:00:00,2506,2536,2506,2532,2085044
2015-2-14,1:00:00,2531,2542,2529,2538,402632
2015-2-16,15:00:00,2538,2566,2537,2545,1480210
2015-2-17,15:00:00,2546,2550,2526,2542,1180140
2015-2-25,15:00:00,2534,2534,2501,2508,1227994
2015-2-26,15:00:00,2511,2534,2510,2531,1329716
2015-2-27,15:00:00,2534,2539,2497,2498,2292684
2015-2-28,1:00:00,2497,2503,2481,2486,932788
2015-3-2,15:00:00,2494,2525,2466,2519,3940548
2015-3-3,15:00:00,2515,2530,2498,2513,3035386
2015-3-4,15:00:00,2511,2517,2501,2508,1911392
2015-3-5,15:00:00,2508,2509,2470,2483,3898736
2015-3-6,15:00:00,2482,2489,2451,2451,2551214
2015-3-7,1:00:00,2447,2467,2433,2447,1782018
2015-3-9,15:00:00,2448,2457,2430,2443,2734520
2015-3-10,15:00:00,2442,2449,2402,2404,3290178
2015-3-11,15:00:00,2403,2428,2401,2422,2782916
2015-3-12,15:00:00,2425,2455,2415,2446,3314654
2015-3-13,15:00:00,2458,2462,2437,2446,2929700
2015-3-14,1:00:00,2445,2455,2443,2446,646872
2015-3-16,15:00:00,2445,2480,2436,2476,2765776
2015-3-17,15:00:00,2477,2481,2465,2471,2353922
2015-3-18,15:00:00,2470,2485,2447,2456,5007588
2015-3-19,15:00:00,2453,2473,2448,2457,2342502
2015-3-20,15:00:00,2458,2470,2452,2456,1980164
2015-3-21,1:00:00,2458,2468,2449,2463,1120908
2015-3-23,15:00:00,2471,2526,2471,2525,4327360
2015-3-24,15:00:00,2528,2550,2519,2524,4699476
2015-3-25,15:00:00,2522,2529,2492,2493,3451974
2015-3-26,15:00:00,2489,2500,2475,2475,3276772
2015-3-27,15:00:00,2479,2479,2399,2467,6721202
2015-3-28,1:00:00,2462,2487,2458,2459,1433318
2015-3-30,15:00:00,2460,2470,2443,2445,3284308
2015-3-31,15:00:00,2466,2470,2412,2425,5684756
2015-4-1,15:00:00,2418,2423,2380,2388,6215658
2015-4-2,15:00:00,2375,2399,2341,2343,8391424
2015-4-3,15:00:00,2344,2374,2338,2342,6377258
2015-4-7,15:00:00,2331,2343,2309,2310,4670232
2015-4-8,15:00:00,2305,2334,2283,2323,7436460
2015-4-9,15:00:00,2321,2323,2286,2289,4984452
2015-4-10,15:00:00,2290,2295,2264,2264,4949124
2015-4-11,1:00:00,2262,2292,2261,2280,2645346
2015-4-13,15:00:00,2280,2331,2266,2326,5993716
2015-4-14,15:00:00,2331,2338,2299,2321,7484952
2015-4-15,15:00:00,2324,2328,2293,2296,4659474
2015-4-16,15:00:00,2313,2327,2290,2317,5159738
2015-4-17,15:00:00,2311,2333,2309,2311,4776476
2015-4-18,1:00:00,2305,2308,2292,2293,1727364
2015-4-20,15:00:00,2303,2314,2279,2280,4696018
2015-4-21,15:00:00,2278,2290,2271,2280,4397932
2015-4-22,15:00:00,2281,2333,2281,2326,7173000
2015-4-23,15:00:00,2327,2331,2306,2322,5665796
2015-4-24,15:00:00,2324,2385,2323,2376,9599282
2015-4-25,1:00:00,2364,2390,2364,2385,2472610
2015-4-27,15:00:00,2390,2411,2365,2407,6561140
2015-4-28,15:00:00,2415,2428,2383,2397,6136338
2015-4-29,15:00:00,2405,2410,2332,2340,7548674
2015-4-30,15:00:00,2347,2376,2341,2365,5622250
2015-5-4,15:00:00,2382,2421,2371,2413,5048140
2015-5-5,15:00:00,2414,2441,2400,2429,7814260
2015-5-6,15:00:00,2430,2448,2419,2431,6477310
2015-5-7,15:00:00,2434,2438,2403,2409,5037710
2015-5-8,15:00:00,2411,2421,2388,2413,5618240
2015-5-9,1:00:00,2418,2423,2409,2419,1350964
2015-5-11,15:00:00,2422,2434,2412,2422,3124872
2015-5-12,15:00:00,2421,2428,2390,2392,3962300
2015-5-13,15:00:00,2395,2408,2378,2385,3864674
2015-5-14,15:00:00,2386,2393,2345,2366,5508066
2015-5-15,15:00:00,2363,2377,2354,2376,2944136
2015-5-16,1:00:00,2377,2380,2369,2373,672732
2015-5-18,15:00:00,2373,2378,2355,2356,1980936
2015-5-19,15:00:00,2349,2362,2345,2349,2727432
2015-5-20,15:00:00,2344,2348,2308,2319,3828772
2015-5-21,15:00:00,2319,2358,2318,2350,3540998
2015-5-22,15:00:00,2351,2364,2331,2357,3877554
2015-5-23,1:00:00,2354,2355,2344,2347,852690
2015-5-25,15:00:00,2346,2356,2335,2354,2369502
2015-5-26,15:00:00,2355,2383,2353,2358,5062544
2015-5-27,15:00:00,2357,2370,2349,2363,2687344
2015-5-28,15:00:00,2362,2381,2351,2364,3316796
2015-5-29,15:00:00,2363,2374,2344,2370,3395320
2015-5-30,1:00:00,2367,2378,2365,2371,942042
2015-6-1,15:00:00,2372,2396,2359,2382,3474376
2015-6-2,15:00:00,2385,2389,2374,2386,2765342
2015-6-3,15:00:00,2388,2390,2358,2359,2615784
2015-6-4,15:00:00,2357,2369,2347,2366,3320286
2015-6-5,15:00:00,2366,2374,2336,2351,2704278
2015-6-6,1:00:00,2349,2352,2341,2349,638248
2015-6-8,15:00:00,2347,2349,2337,2343,1428004
2015-6-9,15:00:00,2340,2365,2338,2346,2209596
2015-6-10,15:00:00,2347,2358,2339,2347,2940348
2015-6-11,15:00:00,2354,2368,2349,2364,3405416
2015-6-12,15:00:00,2359,2360,2306,2309,4289668
2015-6-13,1:00:00,2312,2324,2302,2323,1120016
2015-6-15,15:00:00,2320,2320,2286,2291,2477076
2015-6-16,15:00:00,2284,2299,2251,2256,4277736
2015-6-17,15:00:00,2253,2260,2231,2234,4983890
2015-6-18,15:00:00,2237,2262,2233,2255,3699770
2015-6-19,15:00:00,2256,2278,2255,2257,3280664
2015-6-23,15:00:00,2251,2253,2238,2250,2374664
2015-6-24,15:00:00,2250,2258,2242,2254,2829636
2015-6-25,15:00:00,2254,2258,2229,2232,3181498
2015-6-26,15:00:00,2231,2250,2220,2229,4353742
2015-6-27,1:00:00,2231,2235,2224,2231,851752
2015-6-29,15:00:00,2235,2245,2199,2201,3323532
2015-6-30,15:00:00,2200,2200,2113,2158,8916730
2015-7-1,15:00:00,2158,2165,2146,2150,4232586
2015-7-2,15:00:00,2147,2170,2118,2157,5538050
2015-7-3,15:00:00,2150,2184,2146,2153,4679596
2015-7-4,1:00:00,2149,2151,2113,2117,1923904
2015-7-6,15:00:00,2112,2112,2056,2056,2850330
2015-7-7,15:00:00,2030,2042,1963,1972,9750508
2015-7-8,15:00:00,1992,2017,1910,1910,13033498
2015-7-9,15:00:00,1912,2066,1907,2025,11116998
2015-7-10,15:00:00,2042,2086,2034,2035,8142776
2015-7-11,1:00:00,2031,2053,2027,2050,1726858
2015-7-13,15:00:00,2048,2056,2016,2033,3222420
2015-7-14,15:00:00,2041,2062,2029,2034,4441032
2015-7-15,15:00:00,2035,2045,2009,2017,3989044
2015-7-16,15:00:00,2015,2043,1984,2027,6657832
2015-7-17,15:00:00,2027,2038,2008,2031,4384174
2015-7-18,1:00:00,2025,2035,2016,2031,1162754
2015-7-20,15:00:00,2040,2104,2040,2096,6429284
2015-7-21,15:00:00,2089,2110,2067,2069,5548298
2015-7-22,15:00:00,2063,2074,2001,2021,6135436
2015-7-23,15:00:00,2021,2045,2005,2037,5384618
2015-7-24,15:00:00,2038,2047,2021,2028,5042424
2015-7-25,1:00:00,2031,2080,2030,2072,2598416
2015-7-27,15:00:00,2072,2077,2051,2059,4482426
2015-7-28,15:00:00,2058,2086,2038,2060,6568464
2015-7-29,15:00:00,2064,2109,2064,2103,7045496
2015-7-30,15:00:00,2102,2108,2079,2083,5758574
2015-7-31,15:00:00,2080,2113,2076,2101,5502180
2015-8-1,1:00:00,2099,2109,2095,2099,1960934
2015-8-3,15:00:00,2105,2142,2084,2088,6420224
2015-8-4,15:00:00,2092,2108,2081,2104,4653228
2015-8-5,15:00:00,2105,2114,2091,2105,4602270
2015-8-6,15:00:00,2105,2109,2075,2086,4488446
2015-8-7,15:00:00,2081,2089,2054,2072,5067582
2015-8-8,1:00:00,2071,2076,2064,2071,945026
2015-8-10,15:00:00,2070,2070,2044,2053,3168224
2015-8-11,15:00:00,2052,2079,2051,2056,5510980
2015-8-12,15:00:00,2053,2076,2047,2075,4201338
2015-8-13,15:00:00,2083,2105,2079,2098,5908582
2015-8-14,15:00:00,2095,2097,2086,2091,2641080
2015-8-15,1:00:00,2093,2099,2083,2085,1486678
2015-8-17,15:00:00,2084,2084,2065,2066,2044532
2015-8-18,15:00:00,2062,2073,2054,2056,2791652
2015-8-19,15:00:00,2056,2059,2032,2050,4409178
2015-8-20,15:00:00,2048,2054,2024,2032,3631382
2015-8-21,15:00:00,2037,2043,2024,2025,3027604
2015-8-22,1:00:00,2023,2026,2016,2022,1149632
2015-8-24,15:00:00,2017,2017,1932,1937,5769070
2015-8-25,15:00:00,1938,1968,1922,1937,7313216
2015-8-26,15:00:00,1966,1978,1941,1942,4707006
2015-8-27,15:00:00,1941,1984,1937,1971,4431034
2015-8-28,15:00:00,1973,2005,1967,1978,6984202
2015-8-29,1:00:00,1974,1977,1948,1966,3322258
2015-8-31,15:00:00,1965,1974,1954,1954,2825516
2015-9-1,15:00:00,1957,1970,1947,1963,4800488
2015-9-2,15:00:00,1961,1967,1950,1955,2726220
2015-9-7,15:00:00,1955,1955,1869,1922,4359068
2015-9-8,15:00:00,1921,1949,1919,1949,3832374
2015-9-9,15:00:00,1952,1981,1949,1951,8370982
2015-9-10,15:00:00,1952,1969,1942,1959,5042436
2015-9-11,15:00:00,1960,1970,1947,1948,5370112
2015-9-12,1:00:00,1946,1949,1934,1938,1459848
2015-9-14,15:00:00,1936,1945,1930,1933,2904470
2015-9-15,15:00:00,1938,1939,1912,1914,3487922
2015-9-16,15:00:00,1916,1944,1916,1938,4224864
2015-9-17,15:00:00,1937,1952,1929,1931,4647378
2015-9-18,15:00:00,1938,1939,1923,1926,3374240
2015-9-19,1:00:00,1924,1929,1922,1925,729276
2015-9-21,15:00:00,1927,1929,1899,1908,3281726
2015-9-22,15:00:00,1912,1917,1889,1896,3306698
2015-9-23,15:00:00,1892,1908,1883,1905,3780438
2015-9-24,15:00:00,1906,1908,1891,1895,1924062
2015-9-25,15:00:00,1894,1910,1887,1893,3000308
2015-9-28,15:00:00,1887,1887,1858,1861,2468996
2015-9-29,15:00:00,1855,1860,1832,1836,3562970
2015-9-30,15:00:00,1840,1841,1819,1826,2667498
2015-10-8,15:00:00,1841,1855,1823,1832,2745014
2015-10-9,15:00:00,1832,1869,1828,1860,3845238
2015-10-10,1:00:00,1864,1864,1845,1849,972252
2015-10-12,15:00:00,1852,1874,1852,1854,3463192
2015-10-13,15:00:00,1855,1859,1828,1846,3384192
2015-10-14,15:00:00,1843,1848,1832,1836,2852464
2015-10-15,15:00:00,1837,1849,1832,1840,2386196
2015-10-16,15:00:00,1839,1841,1828,1835,2803138
2015-10-17,1:00:00,1834,1840,1833,1839,507528
2015-10-19,15:00:00,1839,1845,1808,1814,3138980
2015-10-20,15:00:00,1813,1822,1803,1808,2624902
2015-10-21,15:00:00,1807,1814,1793,1807,4839840
2015-10-22,15:00:00,1807,1821,1803,1806,3180370
2015-10-23,15:00:00,1806,1810,1782,1801,3351264
2015-10-24,1:00:00,1803,1808,1793,1800,1365888
2015-10-26,15:00:00,1800,1804,1791,1797,1909374
2015-10-27,15:00:00,1796,1815,1794,1803,3466054
2015-10-28,15:00:00,1801,1804,1788,1794,2763488
2015-10-29,15:00:00,1792,1801,1787,1796,1860196
2015-10-30,15:00:00,1797,1800,1785,1788,1866306
2015-10-31,1:00:00,1788,1792,1785,1791,398008
2015-11-2,15:00:00,1791,1799,1789,1791,1137252
2015-11-3,15:00:00,1789,1792,1774,1777,2457782
2015-11-4,15:00:00,1778,1783,1774,1779,2000830
2015-11-5,15:00:00,1780,1787,1771,1776,2116574
2015-11-6,15:00:00,1776,1800,1775,1788,3308110
2015-11-7,1:00:00,1786,1789,1782,1785,504076
2015-11-9,15:00:00,1788,1798,1786,1795,1898382
2015-11-10,15:00:00,1796,1800,1784,1790,2148196
2015-11-11,15:00:00,1789,1789,1768,1770,2300854
2015-11-12,15:00:00,1772,1772,1759,1763,2798214
2015-11-13,15:00:00,1762,1768,1758,1760,2475824
2015-11-14,1:00:00,1760,1760,1753,1759,651876
2015-11-16,15:00:00,1758,1771,1755,1756,1921142
2015-11-17,15:00:00,1756,1761,1750,1753,1968784
2015-11-18,15:00:00,1753,1754,1730,1735,2623578
2015-11-19,15:00:00,1736,1736,1695,1707,5238040
2015-11-20,15:00:00,1706,1713,1696,1697,3122672
2015-11-21,1:00:00,1697,1697,1681,1681,1628592
2015-11-23,15:00:00,1680,1681,1647,1659,3576200
2015-11-24,15:00:00,1660,1672,1651,1668,4004146
2015-11-25,15:00:00,1668,1718,1658,1674,7071174
2015-11-26,15:00:00,1671,1718,1663,1677,9194734
2015-11-27,15:00:00,1677,1681,1654,1655,4702192
2015-11-28,1:00:00,1652,1658,1643,1655,1724416
2015-11-30,15:00:00,1648,1648,1620,1624,3710514
2015-12-1,15:00:00,1627,1637,1615,1629,4840716
2015-12-2,15:00:00,1625,1668,1623,1654,8256818
2015-12-3,15:00:00,1652,1661,1628,1631,4752634
2015-12-4,15:00:00,1632,1648,1624,1641,6177790
2015-12-5,1:00:00,1643,1646,1635,1644,1626804
2015-12-7,15:00:00,1643,1666,1640,1661,3955284
2015-12-8,15:00:00,1659,1660,1638,1648,4398124
2015-12-9,15:00:00,1645,1660,1644,1650,3681676
2015-12-10,15:00:00,1652,1656,1637,1642,3228720
2015-12-11,15:00:00,1640,1655,1635,1652,3039640
2015-12-12,1:00:00,1646,1653,1646,1649,663534
2015-12-14,15:00:00,1649,1663,1642,1659,3095304
2015-12-15,15:00:00,1656,1682,1654,1655,5713176
2015-12-16,15:00:00,1654,1672,1653,1671,2275224
2015-12-17,15:00:00,1671,1694,1671,1678,6526894
2015-12-18,15:00:00,1678,1714,1677,1713,4891098
2015-12-19,1:00:00,1719,1756,1714,1756,3556480
2015-12-21,15:00:00,1743,1758,1731,1752,6842876
2015-12-22,15:00:00,1752,1769,1724,1736,9030788
2015-12-23,15:00:00,1734,1736,1713,1723,6019212
2015-12-24,15:00:00,1723,1746,1721,1730,6532494
2015-12-25,15:00:00,1729,1743,1727,1742,3014512
2015-12-26,1:00:00,1742,1744,1735,1738,764942
2015-12-28,15:00:00,1738,1750,1726,1745,4011802
2015-12-29,15:00:00,1743,1793,1743,1784,8475212
2015-12-30,15:00:00,1782,1808,1773,1782,8411456
2015-12-31,15:00:00,1784,1805,1778,1786,6155724
2016-1-4,15:00:00,1818,1844,1775,1778,6925226
2016-1-5,15:00:00,1781,1790,1763,1790,6626502
2016-1-6,15:00:00,1787,1791,1770,1776,4815960
2016-1-7,15:00:00,1772,1787,1767,1774,4828270
2016-1-8,15:00:00,1771,1776,1748,1760,6883276
2016-1-9,1:00:00,1758,1766,1750,1755,1225914
2016-1-11,15:00:00,1755,1772,1752,1758,4068858
2016-1-12,15:00:00,1759,1765,1739,1740,5562548
2016-1-13,15:00:00,1741,1752,1735,1740,3731666
2016-1-14,15:00:00,1742,1759,1732,1759,4264902
2016-1-15,15:00:00,1758,1786,1755,1777,6881670
2016-1-16,1:00:00,1774,1797,1770,1796,3139890
2016-1-18,15:00:00,1796,1831,1793,1827,6436578
2016-1-19,15:00:00,1825,1841,1817,1839,7224298
2016-1-20,15:00:00,1838,1843,1813,1818,6561638
2016-1-21,15:00:00,1815,1824,1805,1808,5695978
2016-1-22,15:00:00,1810,1854,1807,1822,8039728
2016-1-23,1:00:00,1827,1838,1822,1830,2227522
2016-1-25,15:00:00,1832,1853,1832,1838,5693268
2016-1-26,15:00:00,1838,1846,1831,1843,4501614
2016-1-27,15:00:00,1848,1868,1838,1860,7362814
2016-1-28,15:00:00,1858,1860,1811,1815,7611400
2016-1-29,15:00:00,1813,1827,1805,1814,6238132
2016-1-30,1:00:00,1815,1843,1814,1834,3419558
2016-2-1,15:00:00,1835,1837,1816,1819,2620104
2016-2-2,15:00:00,1819,1823,1801,1814,4423772
2016-2-3,15:00:00,1819,1829,1807,1825,3381322
2016-2-4,15:00:00,1825,1854,1824,1850,3933780
2016-2-5,15:00:00,1852,1860,1826,1842,3043014
2016-2-15,15:00:00,1835,1879,1833,1870,3118778
2016-2-16,15:00:00,1871,1879,1860,1864,3124876
2016-2-17,15:00:00,1865,1875,1855,1860,3652396
2016-2-18,15:00:00,1863,1869,1854,1868,3313258
2016-2-19,15:00:00,1870,1891,1862,1889,5053202
2016-2-20,1:00:00,1890,1910,1885,1906,1875990
2016-2-22,15:00:00,1921,1954,1917,1948,6323694
2016-2-23,15:00:00,1944,1950,1914,1919,6283048
2016-2-24,15:00:00,1917,1927,1906,1919,4483166
2016-2-25,15:00:00,1919,1947,1912,1916,5462608
2016-2-26,15:00:00,1919,1925,1886,1909,5342920
2016-2-27,1:00:00,1909,1926,1901,1911,2382982
2016-2-29,15:00:00,1909,1952,1908,1951,5272088
2016-3-1,15:00:00,1947,1991,1946,1976,8117206
2016-3-2,15:00:00,1979,1998,1971,1985,7510134
2016-3-3,15:00:00,1984,1994,1961,1967,6208178
2016-3-4,15:00:00,1966,1993,1953,1990,7661262
2016-3-5,1:00:00,1991,2071,1989,2071,5728574
2016-3-7,15:00:00,2071,2071,2071,2071,102274
2016-3-8,15:00:00,2191,2192,2068,2192,11017932
2016-3-9,15:00:00,2142,2150,2019,2079,15584798
2016-3-10,15:00:00,2086,2178,2086,2106,19607526
2016-3-11,15:00:00,2090,2107,2038,2048,10263534
2016-3-12,1:00:00,2023,2056,2017,2040,4442396
2016-3-14,15:00:00,2037,2096,2002,2005,8284894
2016-3-15,15:00:00,2002,2025,1983,1988,9290614
2016-3-16,15:00:00,1983,2026,1983,2026,7557082
2016-3-17,15:00:00,2018,2097,2018,2094,11883618
2016-3-18,15:00:00,2097,2164,2091,2127,16925558
2016-3-19,1:00:00,2127,2154,2100,2151,8183500
2016-3-21,15:00:00,2151,2217,2131,2156,11877424
2016-3-22,15:00:00,2161,2191,2153,2170,12918680
2016-3-23,15:00:00,2168,2255,2153,2210,19652942
2016-3-24,15:00:00,2215,2224,2131,2145,22845992
2016-3-25,15:00:00,2143,2214,2142,2212,17824742
2016-3-26,1:00:00,2218,2248,2210,2247,9572870
2016-3-28,15:00:00,2242,2250,2157,2162,10414392
2016-3-29,15:00:00,2169,2198,2153,2183,15375846
2016-3-30,15:00:00,2186,2188,2114,2133,17884902
2016-3-31,15:00:00,2131,2160,2124,2150,12460576
2016-4-1,15:00:00,2153,2204,2151,2202,12549210
2016-4-5,15:00:00,2214,2214,2162,2204,8749366
2016-4-6,15:00:00,2204,2218,2173,2193,10440978
2016-4-7,15:00:00,2191,2221,2183,2201,8889044
2016-4-8,15:00:00,2198,2211,2190,2207,8084382
2016-4-9,1:00:00,2211,2268,2211,2260,6477802
2016-4-11,15:00:00,2267,2320,2266,2299,8717042
2016-4-12,15:00:00,2307,2344,2290,2344,13909384
2016-4-13,15:00:00,2350,2429,2331,2352,20616018
2016-4-14,15:00:00,2354,2375,2315,2322,12185656
2016-4-15,15:00:00,2347,2347,2294,2297,11376846
2016-4-16,1:00:00,2285,2320,2285,2319,4484488
2016-4-18,15:00:00,2333,2412,2333,2386,8044360
2016-4-19,15:00:00,2392,2492,2392,2492,15295648
2016-4-20,15:00:00,2446,2589,2446,2589,16627534
2016-4-21,15:00:00,2608,2782,2607,2746,23972128
2016-4-22,15:00:00,2728,2732,2589,2614,23196250
2016-4-23,1:00:00,2603,2772,2602,2626,13138072
2016-4-25,15:00:00,2631,2665,2583,2636,7635104
2016-4-26,15:00:00,2603,2642,2513,2548,14375340
2016-4-27,15:00:00,2546,2580,2444,2492,14698174
2016-4-28,15:00:00,2496,2539,2449,2530,12971136
2016-4-29,15:00:00,2538,2581,2525,2571,11422320
2016-5-3,15:00:00,2536,2536,2424,2442,6345050
2016-5-4,15:00:00,2431,2437,2356,2370,8514444
2016-5-5,15:00:00,2365,2393,2288,2298,9162622
2016-5-6,15:00:00,2309,2329,2270,2325,10180288
2016-5-7,1:00:00,2303,2341,2283,2320,4144408
2016-5-9,15:00:00,2291,2291,2164,2164,5072776
2016-5-10,15:00:00,2098,2156,2077,2137,10744208
2016-5-11,15:00:00,2145,2165,2110,2138,10064302
2016-5-12,15:00:00,2145,2151,2067,2068,8801256
2016-5-13,15:00:00,2061,2073,1995,2024,10809188
2016-5-14,1:00:00,2018,2057,2009,2055,2815584
2016-5-16,15:00:00,2060,2078,2034,2045,5859184
2016-5-17,15:00:00,2051,2109,2035,2105,8715854
2016-5-18,15:00:00,2098,2123,2029,2047,11069374
2016-5-19,15:00:00,2043,2064,2019,2036,9023394
2016-5-20,15:00:00,2024,2070,2010,2055,7810068
2016-5-21,1:00:00,2057,2061,1997,1998,2914784
2016-5-23,15:00:00,1961,1975,1923,1941,5475982
2016-5-24,15:00:00,1940,1957,1912,1950,7130352
2016-5-25,15:00:00,1955,1964,1908,1911,7217104
2016-5-26,15:00:00,1915,1951,1902,1946,7744546
2016-5-27,15:00:00,1958,2038,1921,2024,11817562
2016-5-28,1:00:00,2022,2044,2008,2026,3441752
2016-5-30,15:00:00,1996,2002,1895,1984,7302386
2016-5-31,15:00:00,1980,2020,1968,1972,7451628
2016-6-1,15:00:00,1969,1979,1935,1951,5692184
2016-6-2,15:00:00,1937,1976,1937,1951,5111864
2016-6-3,15:00:00,1950,1999,1948,1985,5420470
2016-6-4,1:00:00,2002,2008,1979,1982,1447506
2016-6-6,15:00:00,1986,2074,1986,2053,6417504
2016-6-7,15:00:00,2058,2094,2049,2070,6752082
2016-6-8,15:00:00,2068,2106,2034,2089,7906386
2016-6-13,15:00:00,2082,2174,2082,2156,6714806
2016-6-14,15:00:00,2156,2169,2062,2063,8894048
2016-6-15,15:00:00,2056,2091,2045,2057,5795694
2016-6-16,15:00:00,2072,2108,2059,2065,6293712
2016-6-17,15:00:00,2063,2071,2023,2066,6257388
2016-6-18,1:00:00,2064,2089,2062,2088,1863512
2016-6-20,15:00:00,2076,2076,2049,2055,3280392
2016-6-21,15:00:00,2047,2104,2042,2072,5942718
2016-6-22,15:00:00,2070,2130,2066,2130,7397230
2016-6-23,15:00:00,2135,2148,2120,2128,5846932
2016-6-24,15:00:00,2140,2155,2090,2116,6242356
2016-6-25,1:00:00,2116,2145,2116,2143,1496674
2016-6-27,15:00:00,2157,2256,2156,2255,6722374
2016-6-28,15:00:00,2254,2273,2221,2251,6388268
2016-6-29,15:00:00,2251,2267,2216,2231,6375884
2016-6-30,15:00:00,2228,2331,2225,2323,8423280
2016-7-1,15:00:00,2327,2361,2296,2333,7661214
2016-7-2,1:00:00,2333,2446,2333,2436,3776638
2016-7-4,15:00:00,2390,2425,2354,2407,6265640
2016-7-5,15:00:00,2412,2436,2298,2388,8275318
2016-7-6,15:00:00,2381,2413,2312,2360,8957486
2016-7-7,15:00:00,2351,2434,2333,2369,9269620
2016-7-8,15:00:00,2370,2425,2347,2423,9298798
2016-7-9,1:00:00,2443,2459,2389,2400,3129824
2016-7-11,15:00:00,2350,2417,2346,2406,5167094
2016-7-12,15:00:00,2412,2534,2395,2529,8849898
2016-7-13,15:00:00,2515,2561,2488,2492,7800758
2016-7-14,15:00:00,2497,2515,2458,2501,6250768
2016-7-15,15:00:00,2491,2532,2461,2503,6745020
2016-7-16,1:00:00,2505,2511,2439,2446,2821268
2016-7-18,15:00:00,2443,2452,2341,2341,5088140
2016-7-19,15:00:00,2334,2338,2246,2277,8421372
2016-7-20,15:00:00,2284,2314,2263,2288,6115250
2016-7-21,15:00:00,2288,2408,2259,2374,8405626
2016-7-22,15:00:00,2367,2378,2279,2291,7591802
2016-7-23,1:00:00,2292,2315,2261,2291,2710270
2016-7-25,15:00:00,2292,2346,2283,2319,5279770
2016-7-26,15:00:00,2326,2351,2289,2351,6304660
2016-7-27,15:00:00,2350,2424,2341,2399,9130176
2016-7-28,15:00:00,2402,2479,2392,2461,8959234
2016-7-29,15:00:00,2456,2462,2380,2395,6608036
2016-7-30,1:00:00,2399,2426,2366,2425,2458916
2016-8-1,15:00:00,2441,2496,2440,2474,5531642
2016-8-2,15:00:00,2475,2505,2456,2489,5650708
2016-8-3,15:00:00,2492,2496,2447,2469,5206402
2016-8-4,15:00:00,2467,2476,2387,2425,7331080
2016-8-5,15:00:00,2430,2519,2420,2510,6899784
2016-8-6,1:00:00,2512,2512,2488,2504,1487162
2016-8-8,15:00:00,2506,2585,2501,2575,5209618
2016-8-9,15:00:00,2575,2592,2516,2555,6296684
2016-8-10,15:00:00,2548,2596,2527,2552,6569072
2016-8-11,15:00:00,2553,2565,2500,2554,6383082
2016-8-12,15:00:00,2544,2551,2519,2536,5286178
2016-8-13,1:00:00,2513,2527,2482,2483,2122138
2016-8-15,15:00:00,2470,2531,2460,2518,4679344
2016-8-16,15:00:00,2519,2640,2509,2606,8093806
2016-8-17,15:00:00,2601,2628,2551,2552,7129682
2016-8-18,15:00:00,2549,2579,2528,2556,6790508
2016-8-19,15:00:00,2549,2569,2507,2560,7071086
2016-8-20,1:00:00,2560,2578,2549,2564,2265316
2016-8-22,15:00:00,2566,2586,2543,2543,4180800
2016-8-23,15:00:00,2541,2598,2527,2584,6277640
2016-8-24,15:00:00,2586,2607,2567,2582,4493186
2016-8-25,15:00:00,2590,2611,2495,2564,8551658
2016-8-26,15:00:00,2561,2570,2502,2504,6006054
2016-8-27,1:00:00,2496,2503,2454,2456,3134658
2016-8-29,15:00:00,2460,2495,2460,2480,3289960
2016-8-30,15:00:00,2487,2493,2424,2427,6528542
2016-8-31,15:00:00,2433,2452,2390,2393,5789640
2016-9-1,15:00:00,2386,2413,2363,2404,5616166
2016-9-2,15:00:00,2401,2463,2390,2407,7418624
2016-9-3,1:00:00,2416,2436,2413,2428,2410152
2016-9-5,15:00:00,2440,2460,2427,2434,3937084
2016-9-6,15:00:00,2434,2455,2411,2426,5288284
2016-9-7,15:00:00,2423,2425,2331,2335,7874246
2016-9-8,15:00:00,2335,2357,2323,2339,5128154
2016-9-9,15:00:00,2336,2343,2303,2340,6095934
2016-9-10,1:00:00,2340,2352,2333,2351,1715592
2016-9-12,15:00:00,2328,2328,2268,2274,4439420
2016-9-13,15:00:00,2274,2296,2245,2253,5258778
2016-9-14,15:00:00,2248,2273,2244,2248,4495442
2016-9-19,15:00:00,2200,2249,2197,2240,3397646
2016-9-20,15:00:00,2238,2285,2238,2265,5431354
2016-9-21,15:00:00,2265,2276,2244,2259,4715244
2016-9-22,15:00:00,2256,2333,2254,2284,7923498
2016-9-23,15:00:00,2289,2315,2284,2311,5121460
2016-9-24,1:00:00,2313,2335,2313,2331,1756924
2016-9-26,15:00:00,2349,2354,2311,2317,3521464
2016-9-27,15:00:00,2320,2322,2255,2275,5998402
2016-9-28,15:00:00,2270,2289,2257,2288,4485832
2016-9-29,15:00:00,2291,2334,2274,2277,5898804
2016-9-30,15:00:00,2274,2292,2252,2257,3903330
