745, <Time>, <Open>, <High>, <Low>, <Close>, <Volume>
2013-11-1,15:00:00,19530,19775,19115,19720,719214
2013-11-4,15:00:00,19645,19780,19075,19590,572780
2013-11-5,15:00:00,19585,19635,18830,19380,693408
2013-11-6,15:00:00,19420,19470,18970,19335,600750
2013-11-7,15:00:00,19335,19545,18935,19460,618574
2013-11-8,15:00:00,19400,19550,19095,19270,593700
2013-11-11,15:00:00,19515,19550,18945,19255,565672
2013-11-12,15:00:00,19315,19355,18760,19000,563664
2013-11-13,15:00:00,19105,19260,18785,19145,544464
2013-11-14,15:00:00,19185,19435,18870,19220,461482
2013-11-15,15:00:00,19285,19415,18775,19035,607436
2013-11-18,15:00:00,19085,19120,18895,19080,412678
2013-11-19,15:00:00,18895,19125,18845,19110,494736
2013-11-20,15:00:00,19090,19330,19060,19230,477646
2013-11-21,15:00:00,19170,19240,18925,19025,473138
2013-11-22,15:00:00,19160,19385,18845,18915,535482
2013-11-25,15:00:00,19010,19035,18670,18685,541782
2013-11-26,15:00:00,18750,18945,18610,18780,530144
2013-11-27,15:00:00,18755,18960,18700,18840,419606
2013-11-28,15:00:00,18800,19240,18795,19125,628384
2013-11-29,15:00:00,19325,19640,19125,19555,605922
2013-12-2,15:00:00,19600,19665,19435,19575,425120
2013-12-3,15:00:00,19500,19625,19255,19335,485714
2013-12-4,15:00:00,19360,19720,19250,19515,515048
2013-12-5,15:00:00,19620,19700,19250,19295,513788
2013-12-6,15:00:00,19280,19500,19175,19435,554500
2013-12-9,15:00:00,19565,19890,19425,19735,508514
2013-12-10,15:00:00,19700,19945,19555,19755,405482
2013-12-11,15:00:00,19760,19840,19495,19565,442276
2013-12-12,15:00:00,19565,20145,19545,20055,635218
2013-12-13,15:00:00,19990,20010,19600,19800,604196
2013-12-16,15:00:00,19915,20010,19625,19735,413268
2013-12-17,15:00:00,19770,19785,19275,19345,586764
2013-12-18,15:00:00,19300,19475,19095,19130,481210
2013-12-19,15:00:00,19160,19350,18935,19035,523704
2013-12-20,15:00:00,19040,19305,18825,18825,534008
2013-12-23,15:00:00,18870,19050,18420,18515,609562
2013-12-24,15:00:00,18480,18550,18210,18310,468604
2013-12-25,15:00:00,18380,18620,18110,18390,624408
2013-12-26,15:00:00,18450,18545,18330,18380,494370
2013-12-27,15:00:00,18455,18635,18385,18455,471342
2013-12-30,15:00:00,18490,18545,18175,18290,453220
2013-12-31,15:00:00,18290,18375,18100,18175,507364
2014-1-2,15:00:00,18210,18295,18040,18170,417790
2014-1-3,15:00:00,18020,18055,17640,17650,500630
2014-1-6,15:00:00,17615,17660,17285,17295,520478
2014-1-7,15:00:00,17300,17315,16760,16855,748904
2014-1-8,15:00:00,16875,16955,16730,16785,533598
2014-1-9,15:00:00,16755,17165,16705,16900,673880
2014-1-10,15:00:00,16890,17070,16775,16975,526948
2014-1-13,15:00:00,17110,17110,16380,16395,637312
2014-1-14,15:00:00,16385,16880,16290,16820,727890
2014-1-15,15:00:00,16815,16905,16590,16750,662986
2014-1-16,15:00:00,16855,17040,16780,16860,648578
2014-1-17,15:00:00,16800,16810,16555,16740,548734
2014-1-20,15:00:00,16610,17035,16605,16945,578814
2014-1-21,15:00:00,16935,16940,16470,16535,612326
2014-1-22,15:00:00,16490,16845,16420,16710,701558
2014-1-23,15:00:00,16700,16840,16530,16685,670618
2014-1-24,15:00:00,16545,16780,16495,16690,649236
2014-1-27,15:00:00,16510,16590,16050,16070,666802
2014-1-28,15:00:00,16030,16150,15680,15725,608042
2014-1-29,15:00:00,15795,15900,15705,15760,497616
2014-1-30,15:00:00,15730,15775,15460,15620,467406
2014-2-7,15:00:00,15500,15890,15435,15540,449156
2014-2-10,15:00:00,15645,16140,15630,16065,702562
2014-2-11,15:00:00,16025,16055,15925,15985,459678
2014-2-12,15:00:00,16050,16090,15755,15950,674002
2014-2-13,15:00:00,15965,15975,15740,15770,485970
2014-2-14,15:00:00,15765,15885,15725,15820,512928
2014-2-17,15:00:00,15880,16610,15880,16585,880256
2014-2-18,15:00:00,16585,16585,16255,16360,709386
2014-2-19,15:00:00,16225,16580,16225,16415,713030
2014-2-20,15:00:00,16380,16490,15740,15780,1001812
2014-2-21,15:00:00,15865,15885,15700,15795,626782
2014-2-24,15:00:00,15730,15730,15010,15015,417244
2014-2-25,15:00:00,14795,15085,14745,14790,900754
2014-2-26,15:00:00,14715,15010,14705,14935,870464
2014-2-27,15:00:00,14845,14890,14480,14600,804098
2014-2-28,15:00:00,14680,15090,14645,14810,1193486
2014-3-3,15:00:00,14810,14995,14665,14690,856440
2014-3-4,15:00:00,14825,14860,14380,14595,919782
2014-3-5,15:00:00,14660,15230,14660,15110,1187488
2014-3-6,15:00:00,14960,15155,14845,15100,929322
2014-3-7,15:00:00,15170,15415,14800,14930,1118596
2014-3-10,15:00:00,14380,14620,14325,14420,762700
2014-3-11,15:00:00,14555,15185,14530,15185,861738
2014-3-12,15:00:00,15005,15830,14935,15740,1407582
2014-3-13,15:00:00,15775,15855,15615,15845,800340
2014-3-14,15:00:00,15740,15835,15390,15760,1023108
2014-3-17,15:00:00,15685,15790,14950,15015,1115778
2014-3-18,15:00:00,15050,15235,14915,14955,999104
2014-3-19,15:00:00,15060,15480,15010,15305,1193632
2014-3-20,15:00:00,15480,15510,15130,15225,985350
2014-3-21,15:00:00,15210,15300,14890,15085,992292
2014-3-24,15:00:00,15005,15325,14685,15275,948446
2014-3-25,15:00:00,15260,15745,15200,15575,1099678
2014-3-26,15:00:00,15585,15750,15480,15590,819328
2014-3-27,15:00:00,15405,16070,15370,15460,1360836
2014-3-28,15:00:00,15495,15860,15480,15780,1104406
2014-3-31,15:00:00,15880,16045,15660,15865,918816
2014-4-1,15:00:00,15860,15960,15710,15915,732232
2014-4-2,15:00:00,15850,16275,15565,15665,876316
2014-4-3,15:00:00,15765,15765,15360,15570,1027476
2014-4-4,15:00:00,15550,15690,15515,15600,699050
2014-4-8,15:00:00,15575,15985,15570,15890,821194
2014-4-9,15:00:00,15865,15990,15415,15460,932378
2014-4-10,15:00:00,15485,15545,15120,15270,1159680
2014-4-11,15:00:00,15335,15425,15170,15170,850642
2014-4-14,15:00:00,15180,15340,14905,15105,935208
2014-4-15,15:00:00,15160,15285,15025,15200,859964
2014-4-16,15:00:00,15180,15360,15135,15180,839226
2014-4-17,15:00:00,15225,15310,14925,14955,832124
2014-4-18,15:00:00,14935,14965,14355,14360,1107528
2014-4-21,15:00:00,14290,14360,14070,14085,970640
2014-4-22,15:00:00,14110,14290,14030,14185,987390
2014-4-23,15:00:00,14240,14290,13915,14175,1078950
2014-4-24,15:00:00,14200,14455,14160,14235,900022
2014-4-25,15:00:00,14340,14375,14115,14180,987822
2014-4-28,15:00:00,14175,14635,14075,14630,1233408
2014-4-29,15:00:00,14655,15000,14575,14800,1134500
2014-4-30,15:00:00,14735,14760,14515,14580,695040
2014-5-5,15:00:00,14530,14725,14460,14625,693374
2014-5-6,15:00:00,14640,14640,14295,14355,657882
2014-5-7,15:00:00,14225,14410,14205,14385,762738
2014-5-8,15:00:00,14430,14470,14225,14245,819068
2014-5-9,15:00:00,14285,14305,14095,14115,794238
2014-5-12,15:00:00,14180,14525,14125,14380,920216
2014-5-13,15:00:00,14485,14485,14295,14445,717580
2014-5-14,15:00:00,14475,14690,14475,14630,692800
2014-5-15,15:00:00,14590,14690,14380,14420,723168
2014-5-16,15:00:00,14380,14405,13980,14140,863654
2014-5-19,15:00:00,14180,14940,14135,14930,1208844
2014-5-20,15:00:00,14935,14940,14720,14850,958018
2014-5-21,15:00:00,14830,15015,14620,14665,1002466
2014-5-22,15:00:00,14685,14825,14630,14740,805280
2014-5-23,15:00:00,14815,14975,14660,14775,909036
2014-5-26,15:00:00,14920,15165,14825,15110,878824
2014-5-27,15:00:00,15095,15140,14805,14885,751708
2014-5-28,15:00:00,14865,14910,14740,14845,686228
2014-5-29,15:00:00,14825,15020,14630,14645,801656
2014-5-30,15:00:00,14635,14710,14415,14505,763290
2014-6-3,15:00:00,14545,14750,14400,14485,696268
2014-6-4,15:00:00,14510,14580,14440,14475,560910
2014-6-5,15:00:00,14500,14645,14300,14595,783642
2014-6-6,15:00:00,14590,14645,14510,14585,581108
2014-6-9,15:00:00,14585,14770,14550,14625,712596
2014-6-10,15:00:00,14660,14700,14470,14660,645522
2014-6-11,15:00:00,14700,14810,14620,14760,721888
2014-6-12,15:00:00,14735,14745,14475,14495,616970
2014-6-13,15:00:00,14505,14910,14435,14820,915608
2014-6-16,15:00:00,14805,14890,14625,14675,601670
2014-6-17,15:00:00,14640,14775,14565,14745,667640
2014-6-18,15:00:00,14845,14855,14685,14785,681794
2014-6-19,15:00:00,14855,15185,14795,14970,1057402
2014-6-20,15:00:00,15030,15385,14965,15360,981062
2014-6-23,15:00:00,15425,15775,15415,15700,911882
2014-6-24,15:00:00,15650,15680,15550,15670,575732
2014-6-25,15:00:00,15650,15760,15480,15670,682054
2014-6-26,15:00:00,15670,15915,15615,15845,705222
2014-6-27,15:00:00,15815,15815,15525,15590,591158
2014-6-30,15:00:00,15470,15530,15345,15375,539650
2014-7-1,15:00:00,15475,15540,15220,15350,576838
2014-7-2,15:00:00,15400,15430,14950,15355,765230
2014-7-3,15:00:00,15365,15485,15300,15315,629342
2014-7-4,15:00:00,15305,15390,15120,15185,627780
2014-7-7,15:00:00,15170,15180,14510,14525,826216
2014-7-8,15:00:00,14530,14630,14445,14535,549430
2014-7-9,15:00:00,14500,14650,14350,14485,612564
2014-7-10,15:00:00,14460,14530,14390,14420,463196
2014-7-11,15:00:00,14465,14525,14285,14380,546260
2014-7-14,15:00:00,14315,14595,14310,14515,409744
2014-7-15,15:00:00,14560,14600,14370,14530,464856
2014-7-16,15:00:00,14530,14670,14475,14595,426222
2014-7-17,15:00:00,14630,14870,14555,14850,613850
2014-7-18,15:00:00,14900,14930,14625,14645,634444
2014-7-21,15:00:00,14665,14670,14510,14650,438130
2014-7-22,15:00:00,14615,14865,14545,14775,665472
2014-7-23,15:00:00,14780,14885,14660,14880,569922
2014-7-24,15:00:00,14810,15275,14810,15095,959846
2014-7-25,15:00:00,15080,15170,14985,15115,565432
2014-7-28,15:00:00,15100,15185,14815,15025,789454
2014-7-29,15:00:00,15170,15570,15085,15480,922596
2014-7-30,15:00:00,15405,15460,15315,15345,603718
2014-7-31,15:00:00,15395,15405,15270,15360,555014
2014-8-1,15:00:00,15220,15220,14995,15065,570484
2014-8-4,15:00:00,15025,15235,15005,15175,434412
2014-8-5,15:00:00,15210,15240,15045,15065,492456
2014-8-6,15:00:00,14965,15185,14885,15025,479146
2014-8-7,15:00:00,15015,15215,14975,15155,458770
2014-8-8,15:00:00,15140,15280,15100,15125,375740
2014-8-11,15:00:00,15170,15225,15000,15035,414370
2014-8-12,15:00:00,15045,15060,14830,14840,506370
2014-8-13,15:00:00,14750,14925,14705,14780,458728
2014-8-14,15:00:00,14800,14855,14520,14630,562196
2014-8-15,15:00:00,14605,14735,14520,14595,448944
2014-8-18,15:00:00,14560,14810,14465,14685,485766
2014-8-19,15:00:00,14665,14765,14640,14740,381882
2014-8-20,15:00:00,14725,14805,14595,14730,477808
2014-8-21,15:00:00,14880,14905,14710,14745,443362
2014-8-22,15:00:00,14760,14960,14690,14875,498704
2014-8-25,15:00:00,14875,14915,14800,14800,316814
2014-8-26,15:00:00,14735,14790,14490,14610,560890
2014-8-27,15:00:00,14635,14715,14605,14675,385236
2014-8-28,15:00:00,14645,14660,14420,14500,449548
2014-8-29,15:00:00,14470,14530,14305,14370,508464
2014-9-1,15:00:00,14405,14415,14170,14195,439012
2014-9-2,15:00:00,14260,14445,14220,14330,453330
2014-9-3,15:00:00,14300,14395,14140,14235,517880
2014-9-4,15:00:00,14250,14420,14230,14360,403720
2014-9-5,15:00:00,14410,14435,13935,14015,653130
2014-9-9,15:00:00,14020,14020,13395,13440,623818
2014-9-10,15:00:00,13420,13595,13295,13390,608306
2014-9-11,15:00:00,13410,13425,13210,13330,593042
2014-9-12,15:00:00,13415,13545,13370,13455,495962
2014-9-15,15:00:00,13465,13570,13260,13515,527546
2014-9-16,15:00:00,13585,13710,13430,13520,489620
2014-9-17,15:00:00,13605,13645,13500,13555,391286
2014-9-18,15:00:00,13570,13625,13235,13310,545016
2014-9-19,15:00:00,13280,13360,12775,12825,741968
2014-9-22,15:00:00,12790,12790,12420,12420,396952
2014-9-23,15:00:00,12330,12425,12185,12205,694202
2014-9-24,15:00:00,12175,12360,12175,12265,504686
2014-9-25,15:00:00,12310,12385,11725,12080,1095002
2014-9-26,15:00:00,12035,12550,12010,12430,960474
2014-9-29,15:00:00,12365,12430,11980,12145,694438
2014-9-30,15:00:00,12165,12665,12165,12255,832754
2014-10-8,15:00:00,12270,12755,11970,12605,832042
2014-10-9,15:00:00,12660,12760,12385,12615,735816
2014-10-10,15:00:00,12560,12560,12255,12335,759802
2014-10-13,15:00:00,12325,12845,12320,12685,897804
2014-10-14,15:00:00,12800,12905,12585,12700,702540
2014-10-15,15:00:00,12665,12760,12495,12680,746686
2014-10-16,15:00:00,12550,12590,12350,12530,736752
2014-10-17,15:00:00,12885,13005,12695,12765,638066
2014-10-20,15:00:00,12800,12955,12760,12830,491490
2014-10-21,15:00:00,12795,12965,12655,12895,605872
2014-10-22,15:00:00,12940,12970,12740,12970,604542
2014-10-23,15:00:00,12880,13405,12870,13330,1103676
2014-10-24,15:00:00,13295,13490,13265,13485,619124
2014-10-27,15:00:00,13435,13440,13025,13175,766528
2014-10-28,15:00:00,13210,13380,13105,13295,745684
2014-10-29,15:00:00,13345,13575,13290,13555,861124
2014-10-30,15:00:00,13605,13640,13345,13430,744288
2014-10-31,15:00:00,13345,13570,13305,13415,752856
2014-11-3,15:00:00,13325,13375,13155,13255,634578
2014-11-4,15:00:00,13225,13285,12805,12945,883764
2014-11-5,15:00:00,12890,12890,12360,12360,770250
2014-11-6,15:00:00,12385,12475,12305,12415,647804
2014-11-7,15:00:00,12540,12890,12535,12735,929702
2014-11-10,15:00:00,12730,12935,12665,12820,595106
2014-11-11,15:00:00,12715,12905,12640,12785,699534
2014-11-12,15:00:00,12895,13275,12860,13170,911504
2014-11-13,15:00:00,13145,13245,13070,13195,587014
2014-11-14,15:00:00,13075,13290,12955,13055,856382
2014-11-17,15:00:00,13235,13415,12975,13030,827632
2014-11-18,15:00:00,13075,13075,12565,12670,859462
2014-11-19,15:00:00,12680,12940,12670,12840,765250
2014-11-20,15:00:00,12790,13100,12590,12935,1211066
2014-11-21,15:00:00,13060,13130,12555,12685,1407606
2014-11-24,15:00:00,12725,12795,12445,12710,865818
2014-11-25,15:00:00,12675,12805,12625,12805,714964
2014-11-26,15:00:00,12705,12820,12525,12595,852780
2014-11-27,15:00:00,12530,12870,12435,12740,906336
2014-11-28,15:00:00,12610,12770,12540,12695,792994
2014-12-1,15:00:00,12415,12455,12185,12350,684148
2014-12-2,15:00:00,12615,12785,12455,12530,524728
2014-12-3,15:00:00,12500,12530,12360,12490,600170
2014-12-4,15:00:00,12475,12915,12475,12660,819294
2014-12-5,15:00:00,12570,12660,12505,12560,583710
2014-12-8,15:00:00,12745,12750,12160,12205,805898
2014-12-9,15:00:00,12125,12185,11785,12175,732484
2014-12-10,15:00:00,11925,12180,11595,11900,1109502
2014-12-11,15:00:00,11755,12000,11680,11835,633890
2014-12-12,15:00:00,11820,12235,11815,12150,703804
2014-12-15,15:00:00,12135,12460,12065,12385,653140
2014-12-16,15:00:00,12305,12380,12180,12370,539906
2014-12-17,15:00:00,12370,12640,12250,12365,754298
2014-12-18,15:00:00,12445,12610,12295,12365,654862
2014-12-19,15:00:00,12410,12500,12280,12360,460428
2014-12-22,15:00:00,12435,12520,12320,12340,512142
2014-12-23,15:00:00,12265,12415,12085,12140,527056
2014-12-24,15:00:00,12145,12330,12100,12300,484008
2014-12-25,15:00:00,12290,12490,12235,12490,498890
2014-12-26,15:00:00,12575,12575,12395,12460,405578
2014-12-29,15:00:00,12485,12745,12425,12670,552914
2014-12-30,15:00:00,12650,13265,12625,13265,839612
2014-12-31,15:00:00,13295,13650,13280,13485,739724
2015-1-5,15:00:00,13430,13430,13150,13270,562780
2015-1-6,15:00:00,13180,13670,13175,13545,778598
2015-1-7,15:00:00,13445,13605,13220,13265,789674
2015-1-8,15:00:00,13290,13305,12980,13105,721514
2015-1-9,15:00:00,13165,13405,12930,13205,834086
2015-1-12,15:00:00,13200,13415,13190,13240,684436
2015-1-13,15:00:00,13160,13190,12865,12885,675042
2015-1-14,15:00:00,12805,12910,12355,12430,975016
2015-1-15,15:00:00,12485,12705,12435,12610,645474
2015-1-16,15:00:00,12560,12820,12425,12555,736506
2015-1-19,15:00:00,12520,12715,12460,12645,683720
2015-1-20,15:00:00,12530,12760,12530,12580,550790
2015-1-21,15:00:00,12625,12960,12385,12885,860536
2015-1-22,15:00:00,12820,13260,12820,13075,872014
2015-1-23,15:00:00,13080,13140,12890,13045,687076
2015-1-26,15:00:00,13080,13170,12695,12930,839468
2015-1-27,15:00:00,12940,13295,12940,13160,778906
2015-1-28,15:00:00,13110,13285,12965,13110,728000
2015-1-29,15:00:00,13095,13155,12895,12980,546278
2015-1-30,15:00:00,12940,13075,12700,12700,633292
2015-2-2,15:00:00,12765,13130,12650,13075,683698
2015-2-3,15:00:00,13090,13245,13040,13120,606618
2015-2-4,15:00:00,13190,13640,13110,13315,887352
2015-2-5,15:00:00,13385,13410,13175,13180,691248
2015-2-6,15:00:00,13235,13580,13200,13580,707180
2015-2-9,15:00:00,13540,13755,13390,13500,642856
2015-2-10,15:00:00,13475,13545,13340,13395,467058
2015-2-11,15:00:00,13345,13540,13275,13485,457684
2015-2-12,15:00:00,13470,13545,13310,13440,477906
2015-2-13,15:00:00,13490,13770,13430,13675,690514
2015-2-16,15:00:00,13680,13810,13620,13725,538346
2015-2-17,15:00:00,13735,13750,13430,13500,439424
2015-2-25,15:00:00,13385,13625,13385,13495,282736
2015-2-26,15:00:00,13505,13910,13480,13870,514890
2015-2-27,15:00:00,13880,13955,13670,13745,491948
2015-3-2,15:00:00,13760,13895,13455,13555,759730
2015-3-3,15:00:00,13540,13595,13115,13185,641632
2015-3-4,15:00:00,13195,13320,13115,13120,561722
2015-3-5,15:00:00,13115,13145,12865,12985,568958
2015-3-6,15:00:00,13005,13135,12805,12925,563232
2015-3-9,15:00:00,12920,13090,12750,13015,597392
2015-3-10,15:00:00,12975,13025,12690,12695,551552
2015-3-11,15:00:00,12695,13020,12660,12885,575738
2015-3-12,15:00:00,12910,13065,12830,13030,436630
2015-3-13,15:00:00,13030,13055,12895,12920,430082
2015-3-16,15:00:00,12890,12890,12560,12755,448140
2015-3-17,15:00:00,12760,12860,12675,12705,469336
2015-3-18,15:00:00,12665,12730,12540,12645,442574
2015-3-19,15:00:00,12620,12805,12585,12690,383180
2015-3-20,15:00:00,12700,12755,12525,12695,480854
2015-3-23,15:00:00,12740,13200,12725,13115,684540
2015-3-24,15:00:00,13155,13385,13085,13175,632650
2015-3-25,15:00:00,13165,13200,13010,13055,490456
2015-3-26,15:00:00,13095,13315,13035,13185,570796
2015-3-27,15:00:00,13140,13205,12725,12950,635536
2015-3-30,15:00:00,12960,12970,12750,12765,460912
2015-3-31,15:00:00,12780,12870,12645,12675,433600
2015-4-1,15:00:00,12655,12825,12635,12675,383706
2015-4-2,15:00:00,12685,12945,12670,12845,447954
2015-4-3,15:00:00,12830,12905,12710,12850,387696
2015-4-7,15:00:00,12855,13045,12855,12930,292190
2015-4-8,15:00:00,12915,12965,12605,12685,502188
2015-4-9,15:00:00,12660,12670,12255,12345,483476
2015-4-10,15:00:00,12370,12420,12275,12395,309848
2015-4-13,15:00:00,12395,12830,12395,12720,471128
2015-4-14,15:00:00,12760,12785,12555,12730,368034
2015-4-15,15:00:00,12725,12865,12680,12705,413098
2015-4-16,15:00:00,12715,12940,12635,12825,429126
2015-4-17,15:00:00,12840,12935,12715,12790,481686
2015-4-20,15:00:00,12775,12895,12750,12780,337134
2015-4-21,15:00:00,12745,13285,12685,13275,692496
2015-4-22,15:00:00,13275,13360,13185,13275,436448
2015-4-23,15:00:00,13280,13620,13255,13385,631006
2015-4-24,15:00:00,13430,13530,13385,13520,377422
2015-4-27,15:00:00,13575,14280,13460,14280,639548
2015-4-28,15:00:00,14310,14640,14210,14355,822904
2015-4-29,15:00:00,14395,14425,13945,14140,689906
2015-4-30,15:00:00,14215,14600,14150,14550,721608
2015-5-4,15:00:00,14720,15310,14650,15090,715928
2015-5-5,15:00:00,15090,15220,14920,15115,636446
2015-5-6,15:00:00,15265,15265,14965,15120,725040
2015-5-7,15:00:00,15160,15375,14725,14830,778868
2015-5-8,15:00:00,14845,14960,14670,14785,667828
2015-5-11,15:00:00,14840,15025,14650,14905,591510
2015-5-12,15:00:00,14850,15005,14725,14775,584594
2015-5-13,15:00:00,14860,15000,14705,14860,562078
2015-5-14,15:00:00,14885,14910,14265,14390,607088
2015-5-15,15:00:00,14395,14560,14375,14475,446830
2015-5-18,15:00:00,14435,14785,14375,14645,574426
2015-5-19,15:00:00,14645,14695,14410,14510,469908
2015-5-20,15:00:00,14420,14420,13725,13810,729316
2015-5-21,15:00:00,13865,14090,13865,13995,481100
2015-5-22,15:00:00,13990,14230,13925,14090,490804
2015-5-25,15:00:00,13965,14140,13835,14135,481642
2015-5-26,15:00:00,14210,14780,14205,14560,806198
2015-5-27,15:00:00,14495,14750,14470,14725,606868
2015-5-28,15:00:00,14735,15330,14675,14885,979256
2015-5-29,15:00:00,14800,15230,14600,15225,815836
2015-6-1,15:00:00,15220,15525,14980,15070,970732
2015-6-2,15:00:00,15055,15335,14895,15095,856538
2015-6-3,15:00:00,15155,15250,14700,14705,715504
2015-6-4,15:00:00,14695,14875,14410,14870,819214
2015-6-5,15:00:00,14890,14950,14570,14750,702930
2015-6-8,15:00:00,14765,14930,14605,14660,577672
2015-6-9,15:00:00,14620,14820,14550,14640,533676
2015-6-10,15:00:00,14675,14830,14655,14815,495650
2015-6-11,15:00:00,14890,15040,14855,14920,580210
2015-6-12,15:00:00,14900,14940,14255,14270,663448
2015-6-15,15:00:00,14275,14400,14175,14270,482766
2015-6-16,15:00:00,14285,14510,14105,14415,562004
2015-6-17,15:00:00,14415,14440,14215,14275,584224
2015-6-18,15:00:00,14380,14400,14035,14055,582266
2015-6-19,15:00:00,14060,14265,13995,14110,491444
2015-6-23,15:00:00,14110,14350,14110,14280,359292
2015-6-24,15:00:00,14265,14375,14225,14280,344426
2015-6-25,15:00:00,14290,14295,13790,13805,606166
2015-6-26,15:00:00,13820,13910,13610,13840,561064
2015-6-29,15:00:00,13875,13905,13690,13790,516938
2015-6-30,15:00:00,13780,13800,13020,13240,781054
2015-7-1,15:00:00,13285,13840,13240,13660,615254
2015-7-2,15:00:00,13590,13785,13555,13735,477830
2015-7-3,15:00:00,13765,13980,13500,13680,573492
2015-7-6,15:00:00,13680,13685,13040,13175,669796
2015-7-7,15:00:00,13140,13325,12810,12865,677838
2015-7-8,15:00:00,12775,12795,12305,12310,203486
2015-7-9,15:00:00,11710,12985,11335,12645,1356906
2015-7-10,15:00:00,12550,13060,12470,12615,1021714
2015-7-13,15:00:00,12595,12750,12410,12590,676754
2015-7-14,15:00:00,12705,12910,12560,12575,682916
2015-7-15,15:00:00,12655,12800,12615,12705,524614
2015-7-16,15:00:00,12715,12865,12350,12825,898726
2015-7-17,15:00:00,12790,12935,12670,12745,552272
2015-7-20,15:00:00,12645,12900,12590,12835,590670
2015-7-21,15:00:00,12820,13055,12805,13050,571478
2015-7-22,15:00:00,13065,13220,12790,12885,667328
2015-7-23,15:00:00,12870,12990,12755,12910,580148
2015-7-24,15:00:00,12860,12955,12415,12420,648000
2015-7-27,15:00:00,12505,12580,12190,12200,622298
2015-7-28,15:00:00,12175,12495,12100,12405,606752
2015-7-29,15:00:00,12440,12665,12300,12435,606708
2015-7-30,15:00:00,12410,12610,12340,12450,518246
2015-7-31,15:00:00,12415,12580,12335,12425,528348
2015-8-3,15:00:00,12460,12635,12210,12275,703834
2015-8-4,15:00:00,12185,12250,11745,12060,825132
2015-8-5,15:00:00,12105,12165,11805,12020,666268
2015-8-6,15:00:00,12045,12080,11850,11870,513684
2015-8-7,15:00:00,11800,11940,11635,11890,745384
2015-8-10,15:00:00,11840,12020,11790,12015,525944
2015-8-11,15:00:00,11895,12270,11895,11945,693314
2015-8-12,15:00:00,11860,12080,11720,12060,741624
2015-8-13,15:00:00,12105,12335,11940,12225,720912
2015-8-14,15:00:00,12185,12235,12055,12060,500746
2015-8-17,15:00:00,12085,12185,11835,11930,503522
2015-8-18,15:00:00,11910,11990,11805,11835,495036
2015-8-19,15:00:00,11775,11895,11675,11890,569124
2015-8-20,15:00:00,11890,11965,11715,11730,472882
2015-8-21,15:00:00,11830,11955,11580,11855,622988
2015-8-24,15:00:00,11865,11940,11115,11165,786164
2015-8-25,15:00:00,11075,11355,11005,11125,793872
2015-8-26,15:00:00,11400,11465,11030,11035,601832
2015-8-27,15:00:00,11025,11320,10935,11290,570098
2015-8-28,15:00:00,11350,11750,11290,11435,668090
2015-8-31,15:00:00,11375,11525,11295,11305,521694
2015-9-1,15:00:00,11260,11405,11185,11325,476320
2015-9-2,15:00:00,11235,11320,11070,11110,455720
2015-9-7,15:00:00,11075,11400,11045,11305,512948
2015-9-8,15:00:00,11315,11495,11280,11495,558390
2015-9-9,15:00:00,11585,11785,11510,11545,1035480
2015-9-10,15:00:00,11585,11690,11410,11680,805604
2015-9-11,15:00:00,11660,12000,11640,11785,1357480
2015-9-14,15:00:00,11735,11885,11590,11605,968430
2015-9-15,15:00:00,11580,11685,11425,11435,943028
2015-9-16,15:00:00,11545,11725,11515,11720,1093934
2015-9-17,15:00:00,11745,11865,11620,11645,1289646
2015-9-18,15:00:00,11620,11715,11545,11555,1083658
2015-9-21,15:00:00,11490,11640,11370,11635,816410
2015-9-22,15:00:00,11655,11675,11495,11500,733062
2015-9-23,15:00:00,11440,11515,11295,11485,877426
2015-9-24,15:00:00,11520,11545,11405,11495,650010
2015-9-25,15:00:00,11445,11685,11440,11655,859800
2015-9-28,15:00:00,11625,11735,11555,11575,412904
2015-9-29,15:00:00,11535,11535,11210,11265,762944
2015-9-30,15:00:00,11320,11365,11260,11285,422030
2015-10-8,15:00:00,11585,11700,11385,11395,403798
2015-10-9,15:00:00,11405,11855,11370,11850,970774
2015-10-12,15:00:00,11855,11915,11670,11810,1002390
2015-10-13,15:00:00,11785,11840,11630,11825,704756
2015-10-14,15:00:00,11795,11880,11685,11715,841100
2015-10-15,15:00:00,11730,11965,11695,11725,1155768
2015-10-16,15:00:00,11730,11750,11605,11615,897562
2015-10-19,15:00:00,11610,11650,11370,11375,793650
2015-10-20,15:00:00,11340,11440,11310,11395,678644
2015-10-21,15:00:00,11410,11465,11150,11165,851932
2015-10-22,15:00:00,11160,11340,11115,11230,869170
2015-10-23,15:00:00,11270,11355,11005,11325,1305682
2015-10-26,15:00:00,11320,11320,10975,10990,991250
2015-10-27,15:00:00,11040,11040,10735,10835,997656
2015-10-28,15:00:00,10845,10915,10775,10865,721554
2015-10-29,15:00:00,10870,11085,10850,10945,748324
2015-10-30,15:00:00,10925,10990,10800,10835,638074
2015-11-2,15:00:00,10850,11005,10735,10915,605204
2015-11-3,15:00:00,10920,10940,10600,10610,705348
2015-11-4,15:00:00,10680,10730,10595,10695,656388
2015-11-5,15:00:00,10700,10800,10485,10525,783112
2015-11-6,15:00:00,10530,10580,10420,10550,822660
2015-11-9,15:00:00,10550,10565,10405,10520,718222
2015-11-10,15:00:00,10535,10740,10475,10730,868280
2015-11-11,15:00:00,10740,10790,10585,10585,1003270
2015-11-12,15:00:00,10580,10695,10530,10635,849312
2015-11-13,15:00:00,10560,10795,10540,10710,817934
2015-11-16,15:00:00,10705,10765,10355,10380,843340
2015-11-17,15:00:00,10420,10470,10280,10395,828984
2015-11-18,15:00:00,10400,10420,10280,10350,587388
2015-11-19,15:00:00,10350,10390,10060,10160,756614
2015-11-20,15:00:00,10120,10300,10080,10145,705326
2015-11-23,15:00:00,10135,10200,9825,9885,933100
2015-11-24,15:00:00,9910,10050,9635,9955,1027686
2015-11-25,15:00:00,9930,10210,9930,10165,1033526
2015-11-26,15:00:00,10110,10635,10030,10360,1266016
2015-11-27,15:00:00,10325,10510,10200,10240,826130
2015-11-30,15:00:00,10230,10250,10065,10105,660840
2015-12-1,15:00:00,10110,10435,10110,10325,947020
2015-12-2,15:00:00,10340,10615,10320,10530,924470
2015-12-3,15:00:00,10480,10510,10200,10370,913994
2015-12-4,15:00:00,10375,10500,10260,10340,888878
2015-12-7,15:00:00,10415,10610,10290,10575,975682
2015-12-8,15:00:00,10525,10545,10290,10360,840186
2015-12-9,15:00:00,10325,10475,10275,10360,797722
2015-12-10,15:00:00,10330,10425,10120,10130,990114
2015-12-11,15:00:00,10120,10380,10095,10370,964560
2015-12-14,15:00:00,10365,10370,10250,10360,825042
2015-12-15,15:00:00,10285,10455,10260,10265,953916
2015-12-16,15:00:00,10255,10330,10220,10310,690494
2015-12-17,15:00:00,10325,10455,10235,10250,875302
2015-12-18,15:00:00,10255,10400,10200,10395,782078
2015-12-21,15:00:00,10400,10815,10365,10805,1069778
2015-12-22,15:00:00,10790,10815,10660,10730,765298
2015-12-23,15:00:00,10705,10750,10550,10700,754472
2015-12-24,15:00:00,10675,10825,10600,10625,937368
2015-12-25,15:00:00,10675,10695,10585,10660,498628
2015-12-28,15:00:00,10660,10700,10390,10400,691006
2015-12-29,15:00:00,10510,10575,10375,10555,654958
2015-12-30,15:00:00,10560,10730,10555,10635,789296
2015-12-31,15:00:00,10630,10695,10500,10555,665836
2016-1-4,15:00:00,10595,10615,10145,10190,756704
2016-1-5,15:00:00,10255,10255,10115,10200,695098
2016-1-6,15:00:00,10170,10235,10060,10080,751416
2016-1-7,15:00:00,10035,10145,9980,10080,885968
2016-1-8,15:00:00,10035,10175,9985,10085,767204
2016-1-11,15:00:00,10060,10140,9735,9735,893256
2016-1-12,15:00:00,9735,9800,9610,9650,725740
2016-1-13,15:00:00,9740,9915,9735,9875,836470
2016-1-14,15:00:00,9860,9940,9720,9905,755858
2016-1-15,15:00:00,9880,9975,9795,9820,730168
2016-1-18,15:00:00,9755,10190,9755,10150,981188
2016-1-19,15:00:00,10145,10400,10060,10355,894590
2016-1-20,15:00:00,10360,10385,10185,10275,739186
2016-1-21,15:00:00,10205,10305,10175,10210,760460
2016-1-22,15:00:00,10240,10430,10205,10395,826832
2016-1-25,15:00:00,10440,10500,10275,10335,640530
2016-1-26,15:00:00,10310,10335,10160,10185,611058
2016-1-27,15:00:00,10235,10420,10220,10405,636958
2016-1-28,15:00:00,10405,10425,10190,10215,572396
2016-1-29,15:00:00,10220,10335,10165,10240,655720
2016-2-1,15:00:00,10240,10360,10180,10225,619050
2016-2-2,15:00:00,10250,10265,10105,10235,619794
2016-2-3,15:00:00,10240,10255,10110,10190,515012
2016-2-4,15:00:00,10190,10400,10175,10365,583146
2016-2-5,15:00:00,10325,10340,10185,10240,376244
2016-2-15,15:00:00,10185,10560,10135,10555,592028
2016-2-16,15:00:00,10550,10675,10505,10565,647546
2016-2-17,15:00:00,10560,10595,10450,10480,478640
2016-2-18,15:00:00,10510,10635,10485,10515,530800
2016-2-19,15:00:00,10530,10695,10440,10675,687606
2016-2-22,15:00:00,10665,10905,10620,10775,739358
2016-2-23,15:00:00,10825,10875,10650,10725,607176
2016-2-24,15:00:00,10735,10765,10600,10660,616744
2016-2-25,15:00:00,10635,10875,10605,10620,830560
2016-2-26,15:00:00,10635,10665,10335,10440,905892
2016-2-29,15:00:00,10500,10560,10335,10395,872496
2016-3-1,15:00:00,10425,10525,10335,10490,803536
2016-3-2,15:00:00,10525,10785,10495,10705,991050
2016-3-3,15:00:00,10725,10920,10700,10840,932062
2016-3-4,15:00:00,10875,11485,10860,11485,1387252
2016-3-7,15:00:00,11445,12250,11445,11865,1659188
2016-3-8,15:00:00,11875,12115,11520,11760,1649856
2016-3-9,15:00:00,11740,11755,11270,11525,1034442
2016-3-10,15:00:00,11520,11775,11315,11355,1108062
2016-3-11,15:00:00,11360,11625,11300,11545,913034
2016-3-14,15:00:00,11550,11840,11470,11480,925500
2016-3-15,15:00:00,11470,11520,11210,11285,916328
2016-3-16,15:00:00,11310,11500,11270,11495,785266
2016-3-17,15:00:00,11520,11855,11490,11705,993066
2016-3-18,15:00:00,11720,12045,11655,11670,1342666
2016-3-21,15:00:00,11730,11995,11600,11810,1191944
2016-3-22,15:00:00,11855,11945,11715,11735,890952
2016-3-23,15:00:00,11760,11885,11530,11530,896336
2016-3-24,15:00:00,11545,11630,11410,11485,968846
2016-3-25,15:00:00,11505,11695,11455,11690,664748
2016-3-28,15:00:00,11710,11895,11530,11540,861152
2016-3-29,15:00:00,11560,11670,11265,11300,948282
2016-3-30,15:00:00,11330,11430,11240,11360,835052
2016-3-31,15:00:00,11375,11485,11150,11390,940140
2016-4-1,15:00:00,11415,11565,11370,11465,798798
2016-4-5,15:00:00,11425,11745,11340,11745,734678
2016-4-6,15:00:00,11730,11795,11580,11655,832098
2016-4-7,15:00:00,11600,11780,11595,11645,661904
2016-4-8,15:00:00,11600,11725,11490,11720,850666
2016-4-11,15:00:00,11625,12300,11625,12295,1242826
2016-4-12,15:00:00,12290,12510,12185,12510,973760
2016-4-13,15:00:00,12570,13025,12465,12610,1413788
2016-4-14,15:00:00,12580,12800,12570,12645,882422
2016-4-15,15:00:00,12670,12830,12415,12455,993528
2016-4-18,15:00:00,12420,12815,12375,12615,979894
2016-4-19,15:00:00,12675,12965,12585,12845,1176196
2016-4-20,15:00:00,12790,13410,12750,13290,1766100
2016-4-21,15:00:00,13270,13795,13080,13580,1536748
2016-4-22,15:00:00,13450,13600,12855,13075,1394006
2016-4-25,15:00:00,13115,13585,12970,13190,1096724
2016-4-26,15:00:00,13205,13315,13010,13160,927248
2016-4-27,15:00:00,13195,13390,12890,13095,1076936
2016-4-28,15:00:00,13155,13170,12750,12875,964250
2016-4-29,15:00:00,12965,13090,12855,12940,760438
2016-5-3,15:00:00,12805,13225,12750,13190,687886
2016-5-4,15:00:00,13105,13220,12815,12920,800966
2016-5-5,15:00:00,12945,13025,12555,12555,874532
2016-5-6,15:00:00,12635,12655,12335,12450,867884
2016-5-9,15:00:00,12475,12605,11880,11975,1137164
2016-5-10,15:00:00,11960,12155,11865,12095,859954
2016-5-11,15:00:00,12100,12225,11930,12060,810356
2016-5-12,15:00:00,12095,12185,11840,12000,957164
2016-5-13,15:00:00,11980,12000,11340,11430,1101388
2016-5-16,15:00:00,11405,11550,11295,11425,737086
2016-5-17,15:00:00,11485,11620,11455,11590,636622
2016-5-18,15:00:00,11555,11710,11260,11325,955120
2016-5-19,15:00:00,11325,11405,11035,11075,864826
2016-5-20,15:00:00,11030,11185,10995,11095,693648
2016-5-23,15:00:00,11110,11155,10430,10535,971070
2016-5-24,15:00:00,10555,10640,10465,10580,596656
2016-5-25,15:00:00,10680,10700,10435,10500,687826
2016-5-26,15:00:00,10570,10875,10520,10870,770428
2016-5-27,15:00:00,10870,10960,10595,10815,909944
2016-5-30,15:00:00,10795,10905,10660,10835,720954
2016-5-31,15:00:00,10875,10975,10715,10725,767858
2016-6-1,15:00:00,10720,10725,10450,10500,714916
2016-6-2,15:00:00,10495,10740,10410,10720,673884
2016-6-3,15:00:00,10690,10860,10670,10810,662546
2016-6-6,15:00:00,10865,11020,10760,10995,706848
2016-6-7,15:00:00,11000,11035,10795,10845,595074
2016-6-8,15:00:00,10855,10855,10580,10735,680652
2016-6-13,15:00:00,10640,10940,10560,10825,598090
2016-6-14,15:00:00,10790,10985,10635,10635,794962
2016-6-15,15:00:00,10635,10745,10600,10700,627484
2016-6-16,15:00:00,10750,10880,10715,10785,694632
2016-6-17,15:00:00,10775,11240,10605,11235,1150092
2016-6-20,15:00:00,11240,11345,11165,11305,828804
2016-6-21,15:00:00,11315,11405,11100,11175,783454
2016-6-22,15:00:00,11140,11495,11135,11485,744256
2016-6-23,15:00:00,11500,11540,11315,11395,699084
2016-6-24,15:00:00,11465,11505,11145,11220,1017808
2016-6-27,15:00:00,11235,11735,11230,11665,910282
2016-6-28,15:00:00,11600,11830,11505,11745,895540
2016-6-29,15:00:00,11790,11915,11645,11750,896322
2016-6-30,15:00:00,11735,12065,11695,12010,974776
2016-7-1,15:00:00,11995,12125,11830,11975,959876
2016-7-4,15:00:00,11985,12710,11970,12655,1208272
2016-7-5,15:00:00,12670,12770,12145,12400,1117082
2016-7-6,15:00:00,12360,12525,11680,11685,1166248
2016-7-7,15:00:00,11605,11925,11510,11520,972140
2016-7-8,15:00:00,11555,11685,11080,11245,1004478
2016-7-11,15:00:00,11345,11565,11195,11500,777278
2016-7-12,15:00:00,11545,11750,11440,11665,953318
2016-7-13,15:00:00,11740,12205,11620,11835,1336050
2016-7-14,15:00:00,11895,11960,11515,11915,1127000
2016-7-15,15:00:00,12120,12225,11920,12095,1293022
2016-7-18,15:00:00,12165,12170,11785,11890,914828
2016-7-19,15:00:00,11840,12080,11730,12060,1053906
2016-7-20,15:00:00,12055,12330,12005,12130,1242854
2016-7-21,15:00:00,12120,12390,12015,12320,1037736
2016-7-22,15:00:00,12295,12385,12100,12115,828776
2016-7-25,15:00:00,12130,12195,11725,11810,1001566
2016-7-26,15:00:00,11770,11820,11565,11745,856248
2016-7-27,15:00:00,11730,11960,11720,11850,788888
2016-7-28,15:00:00,11890,12000,11770,11930,841054
2016-7-29,15:00:00,11950,11995,11485,11530,948248
2016-8-1,15:00:00,11580,11885,11530,11835,731296
2016-8-2,15:00:00,11800,11905,11735,11870,679750
2016-8-3,15:00:00,11910,12110,11860,11920,785726
2016-8-4,15:00:00,11945,11985,11650,11795,790994
2016-8-5,15:00:00,11795,12040,11740,11925,731216
2016-8-8,15:00:00,11935,12215,11890,12045,839202
2016-8-9,15:00:00,12070,12170,11655,11885,871622
2016-8-10,15:00:00,11875,12000,11820,11970,647706
2016-8-11,15:00:00,12015,12080,11920,12055,637824
2016-8-12,15:00:00,12050,12430,12050,12400,842688
2016-8-15,15:00:00,12365,12555,12210,12505,785856
2016-8-16,15:00:00,12505,12605,12400,12480,732678
2016-8-17,15:00:00,12480,12650,12460,12480,694508
2016-8-18,15:00:00,12495,12525,12310,12400,642768
2016-8-19,15:00:00,12425,12620,12425,12515,661490
2016-8-22,15:00:00,12490,12510,12145,12150,710178
2016-8-23,15:00:00,12145,12245,12075,12080,464286
2016-8-24,15:00:00,12090,12245,12085,12175,420142
2016-8-25,15:00:00,12190,12230,11815,11925,859344
2016-8-26,15:00:00,11945,11985,11870,11915,433918
2016-8-29,15:00:00,11955,12010,11780,11975,535116
2016-8-30,15:00:00,11965,12105,11885,11905,552330
2016-8-31,15:00:00,11915,11955,11735,11770,630158
2016-9-1,15:00:00,11750,12100,11750,12075,595474
2016-9-2,15:00:00,12075,12230,12045,12095,519410
2016-9-5,15:00:00,12135,12360,12100,12285,449490
2016-9-6,15:00:00,12305,12310,12165,12295,399678
2016-9-7,15:00:00,12240,12405,12180,12350,587096
2016-9-8,15:00:00,12360,12520,12285,12490,528762
2016-9-9,15:00:00,12465,12575,12435,12495,482538
2016-9-12,15:00:00,12470,12480,12090,12120,629186
2016-9-13,15:00:00,12145,12245,12110,12190,381430
2016-9-14,15:00:00,12230,12345,12155,12280,453396
2016-9-19,15:00:00,12340,12780,12170,12760,586232
2016-9-20,15:00:00,12850,13090,12830,13070,594324
2016-9-21,15:00:00,13120,13140,12965,13075,478428
2016-9-22,15:00:00,13080,13540,13010,13350,905232
2016-9-23,15:00:00,13380,13460,13235,13440,564208
2016-9-26,15:00:00,13415,13485,13205,13345,557194
2016-9-27,15:00:00,13285,13295,13005,13195,634004
2016-9-28,15:00:00,13160,13440,13090,13365,747042
2016-9-29,15:00:00,13345,13700,13180,13225,853284
2016-9-30,15:00:00,13230,13265,13075,13160,455654
2016-10-10,15:00:00,13485,13825,13380,13745,572658
2016-10-11,15:00:00,13760,14160,13750,14130,761966
2016-10-12,15:00:00,14030,14210,13980,14090,563608
2016-10-13,15:00:00,14035,14180,13855,13955,703630
2016-10-14,15:00:00,13910,14450,13875,14320,767392
2016-10-17,15:00:00,14345,14465,14185,14250,680332
2016-10-18,15:00:00,14255,14340,14085,14315,635734
2016-10-19,15:00:00,14295,14325,13590,13740,917926
2016-10-20,15:00:00,13755,13885,13715,13780,605236
2016-10-21,15:00:00,13775,13805,13455,13660,648788
2016-10-24,15:00:00,13700,14015,13675,13915,629600
2016-10-25,15:00:00,13935,14305,13920,13995,760114
2016-10-26,15:00:00,14020,14085,13620,14055,867530
2016-10-27,15:00:00,14020,14295,13850,14200,1023270
2016-10-28,15:00:00,14240,14485,14115,14230,951094
2016-10-31,15:00:00,14245,14395,14050,14295,837186
2016-11-1,15:00:00,14280,14440,14100,14195,724310
2016-11-2,15:00:00,14205,14315,13825,13895,759322
2016-11-3,15:00:00,13915,14010,13750,13965,498412
2016-11-4,15:00:00,13985,14265,13785,13865,744236
2016-11-7,15:00:00,13895,14870,13845,14625,1028140
2016-11-8,15:00:00,14595,15250,14500,15250,1123364
2016-11-9,15:00:00,15250,15805,15230,15420,1016114
2016-11-10,15:00:00,15555,16170,15035,16070,1196786
2016-11-11,15:00:00,16215,16620,15765,16545,778062
2016-11-14,15:00:00,16455,17080,15230,15500,1024936
2016-11-15,15:00:00,15685,16160,15380,15810,857026
2016-11-16,15:00:00,15980,16800,15930,16800,807968
2016-11-17,15:00:00,16795,16950,16540,16795,695500
