1685, <Time>, <Open>, <High>, <Low>, <Close>, <Volume>
2009-11-18,15:00:00,20880,21445,20820,21400,736816
2009-11-19,15:00:00,21400,21955,21345,21640,926650
2009-11-20,15:00:00,21590,21780,21360,21520,851378
2009-11-23,15:00:00,21625,21995,21625,21900,609074
2009-11-24,15:00:00,21750,22130,21440,21635,1030368
2009-11-25,15:00:00,21815,22170,21740,22160,1192390
2009-11-26,15:00:00,22250,22415,21870,22045,937078
2009-11-27,15:00:00,21795,21830,21110,21235,839004
2009-11-30,15:00:00,21600,21980,21560,21645,649002
2009-12-1,15:00:00,21800,21905,21430,21740,935450
2009-12-2,15:00:00,22100,22160,21880,22030,732352
2009-12-3,15:00:00,22175,22425,22090,22320,748210
2009-12-4,15:00:00,22170,22645,22150,22630,819660
2009-12-8,15:00:00,22330,22360,22070,22230,591476
2009-12-9,15:00:00,21850,21960,21675,21710,549032
2009-12-10,15:00:00,21700,21775,21185,21515,769928
2009-12-11,15:00:00,21530,21785,21510,21650,542750
2009-12-14,15:00:00,21580,21740,21290,21675,575870
2009-12-15,15:00:00,21850,21880,21610,21715,419462
2009-12-16,15:00:00,21850,22780,21780,22760,794772
2009-12-17,15:00:00,23170,23280,22730,22960,675226
2009-12-18,15:00:00,22610,23330,22600,23325,1114788
2009-12-21,15:00:00,23390,23460,23025,23140,728522
2009-12-22,15:00:00,22925,23235,22925,22965,596740
2009-12-23,15:00:00,23100,23220,22705,23115,817696
2009-12-24,15:00:00,23350,23500,23195,23375,594476
2009-12-25,15:00:00,23450,23605,23285,23345,461030
2009-12-28,15:00:00,23425,23665,23395,23485,334388
2009-12-29,15:00:00,23905,24230,23735,23880,531298
2009-12-30,15:00:00,23820,24260,23640,24195,743510
2009-12-31,15:00:00,24255,24520,24180,24460,594616
2010-1-4,15:00:00,24595,24745,24340,24350,488932
2010-1-5,15:00:00,24545,24880,24475,24705,647784
2010-1-6,15:00:00,24680,25145,24635,25050,534648
2010-1-7,15:00:00,25465,25740,24500,24855,861896
2010-1-8,15:00:00,25030,25380,24505,25355,1479472
2010-1-11,15:00:00,25760,26165,25480,26040,953166
2010-1-12,15:00:00,25980,26100,25665,25860,1097928
2010-1-13,15:00:00,25100,25775,24940,25305,1219774
2010-1-14,15:00:00,25890,25960,25555,25680,794178
2010-1-15,15:00:00,25500,25590,24835,25050,1053678
2010-1-18,15:00:00,24790,24920,24575,24740,674758
2010-1-19,15:00:00,25005,25405,24800,25360,920174
2010-1-20,15:00:00,25540,25605,25240,25270,1042078
2010-1-21,15:00:00,25170,25745,24960,25730,1028470
2010-1-22,15:00:00,24915,25155,24105,24475,1121418
2010-1-25,15:00:00,24350,24745,24305,24590,854140
2010-1-26,15:00:00,24895,24895,24035,24065,969658
2010-1-27,15:00:00,24095,24250,23660,23780,1294600
2010-1-28,15:00:00,23355,23505,22840,23165,1286068
2010-1-29,15:00:00,23165,23455,22855,22985,1299400
2010-2-1,15:00:00,23115,23240,22250,23000,1365602
2010-2-2,15:00:00,23450,23515,22875,22955,1102952
2010-2-3,15:00:00,23245,23620,23040,23525,1118430
2010-2-4,15:00:00,23060,23390,22860,22980,1131588
2010-2-5,15:00:00,22110,22370,22000,22030,864188
2010-2-8,15:00:00,22300,22380,21970,21980,983534
2010-2-9,15:00:00,22000,22450,21665,22380,1314612
2010-2-10,15:00:00,22660,23280,22560,23280,886374
2010-2-11,15:00:00,23495,23950,23270,23850,842212
2010-2-12,15:00:00,24070,24370,23830,24330,562840
2010-2-22,15:00:00,25280,25310,24665,24910,247466
2010-2-23,15:00:00,24680,25125,24580,25105,805256
2010-2-24,15:00:00,24870,25280,24775,25145,770894
2010-2-25,15:00:00,25155,25450,24640,24680,1013566
2010-2-26,15:00:00,24795,25020,24690,24835,800010
2010-3-1,15:00:00,25700,25780,24955,25000,706040
2010-3-2,15:00:00,24860,24890,24060,24095,1071784
2010-3-3,15:00:00,24275,24440,24135,24280,965052
2010-3-4,15:00:00,24400,24510,23675,23760,1330264
2010-3-5,15:00:00,23790,24210,23665,24020,1443940
2010-3-8,15:00:00,24250,24835,24020,24800,1303526
2010-3-9,15:00:00,24655,24740,24370,24530,1549044
2010-3-10,15:00:00,24310,24690,24290,24555,1536088
2010-3-11,15:00:00,24585,24675,23880,24090,1844336
2010-3-12,15:00:00,24210,24290,23560,23730,1904120
2010-3-15,15:00:00,22890,22890,22890,22890,1421434
2010-3-16,15:00:00,22640,23420,22525,23310,1671028
2010-3-17,15:00:00,23510,23900,23255,23880,1525368
2010-3-18,15:00:00,23710,24260,23580,23660,2106720
2010-3-22,15:00:00,24010,24170,23835,24005,1563526
2010-3-23,15:00:00,24060,24145,23505,23560,1613446
2010-3-24,15:00:00,23640,23930,23340,23750,1765806
2010-3-25,15:00:00,23820,24780,23785,24675,2148578
2010-3-26,15:00:00,24900,25020,24570,24855,1779104
2010-3-29,15:00:00,25080,25185,24900,25010,1203266
2010-3-30,15:00:00,24980,25170,24740,24915,1471900
2010-3-31,15:00:00,25000,25085,24435,24515,1411118
2010-4-1,15:00:00,24615,24800,24485,24580,1289730
2010-4-2,15:00:00,24780,25070,24610,24780,1554770
2010-4-6,15:00:00,25080,26005,24865,25390,1978332
2010-4-7,15:00:00,25480,25610,25340,25505,1522958
2010-4-8,15:00:00,25400,25470,25050,25050,1546022
2010-4-9,15:00:00,25200,25330,25105,25270,1225726
2010-4-12,15:00:00,25550,25835,25400,25485,1397534
2010-4-13,15:00:00,25400,25570,25210,25390,1554306
2010-4-14,15:00:00,25500,25710,25470,25595,1478366
2010-4-15,15:00:00,25900,25900,25620,25625,1227764
2010-4-16,15:00:00,25700,25745,25185,25325,1329844
2010-4-19,15:00:00,24730,24770,24200,24325,1266110
2010-4-20,15:00:00,24620,24760,24505,24735,1209152
2010-4-21,15:00:00,24745,24850,24560,24595,1242970
2010-4-22,15:00:00,24300,24400,24090,24350,1195978
2010-4-23,15:00:00,24340,24485,24260,24315,1193808
2010-4-26,15:00:00,24615,24680,24385,24505,937722
2010-4-27,15:00:00,24335,24340,23735,23865,1307734
2010-4-28,15:00:00,23005,23595,23005,23500,1088882
2010-4-29,15:00:00,23650,23650,23350,23430,975602
2010-4-30,15:00:00,23500,23650,22830,23525,1633172
2010-5-4,15:00:00,23420,23470,23170,23265,1278518
2010-5-5,15:00:00,22700,22985,22620,22905,1102834
2010-5-6,15:00:00,22905,23055,22590,22670,1636910
2010-5-7,15:00:00,22300,22445,22010,22140,1771780
2010-5-10,15:00:00,22490,22590,22240,22570,1330768
2010-5-11,15:00:00,22560,22665,21915,22000,1529468
2010-5-12,15:00:00,21910,22455,21895,22285,1687132
2010-5-13,15:00:00,22390,22475,22180,22435,1400292
2010-5-14,15:00:00,22240,22275,21725,21745,1827884
2010-5-17,15:00:00,21450,21585,20890,21075,1805398
2010-5-18,15:00:00,21245,21860,21080,21825,1968388
2010-5-19,15:00:00,21420,22150,21290,21855,1937424
2010-5-20,15:00:00,22145,22370,21570,21765,2016672
2010-5-21,15:00:00,21450,21730,21305,21640,1759712
2010-5-24,15:00:00,21810,22190,21765,22165,1713848
2010-5-25,15:00:00,21945,22225,21875,21955,1893326
2010-5-26,15:00:00,22305,22560,22290,22440,1460636
2010-5-27,15:00:00,22360,22895,22325,22855,1599604
2010-5-28,15:00:00,23085,23085,22780,22950,1225714
2010-5-31,15:00:00,22840,23055,22615,22845,1757102
2010-6-1,15:00:00,22900,22935,22540,22570,1345206
2010-6-2,15:00:00,22560,22610,21630,22005,1855194
2010-6-3,15:00:00,22100,22230,21760,21835,1698688
2010-6-4,15:00:00,21560,21920,21400,21830,2020140
2010-6-7,15:00:00,20800,20800,20560,20560,425814
2010-6-8,15:00:00,20620,21000,20490,20910,1695586
2010-6-9,15:00:00,20780,21395,20740,21375,1749494
2010-6-10,15:00:00,21300,21720,21245,21515,1389060
2010-6-11,15:00:00,20760,21185,20740,21180,1056242
2010-6-17,15:00:00,21740,21795,21180,21265,803254
2010-6-18,15:00:00,21240,21455,21035,21055,1603448
2010-6-21,15:00:00,21345,22195,21325,21895,1872304
2010-6-22,15:00:00,21600,21660,21355,21475,1612016
2010-6-23,15:00:00,21355,21780,21270,21535,1964146
2010-6-24,15:00:00,21620,22015,21565,21820,1833954
2010-6-25,15:00:00,21900,22050,21730,21905,1998480
2010-6-28,15:00:00,22100,22420,22100,22200,1596924
2010-6-29,15:00:00,21800,21965,21450,21580,1493090
2010-6-30,15:00:00,21380,21615,21180,21585,1957516
2010-7-1,15:00:00,21500,21665,21085,21175,2261658
2010-7-2,15:00:00,21190,21605,21175,21560,1872050
2010-7-5,15:00:00,21500,21780,21410,21655,1679826
2010-7-6,15:00:00,21400,21695,21335,21605,1798124
2010-7-7,15:00:00,21690,21825,21620,21790,1382440
2010-7-8,15:00:00,22100,22230,21950,21955,1151932
2010-7-9,15:00:00,22050,22190,22010,22115,992828
2010-7-12,15:00:00,22000,22105,21400,21410,1548418
2010-7-13,15:00:00,21395,21405,20925,20985,1564514
2010-7-14,15:00:00,21200,21345,20985,21245,1982560
2010-7-15,15:00:00,21200,21545,21130,21380,1558124
2010-7-16,15:00:00,21535,21645,21370,21580,1438134
2010-7-19,15:00:00,21335,21465,21230,21390,1186982
2010-7-20,15:00:00,21460,21765,21415,21745,1277378
2010-7-21,15:00:00,21800,21885,21700,21720,1109256
2010-7-22,15:00:00,21710,21800,21460,21725,1616782
2010-7-23,15:00:00,22100,22595,22025,22515,1324110
2010-7-26,15:00:00,22480,22530,22155,22280,1153752
2010-7-27,15:00:00,22170,22365,21945,22180,1418004
2010-7-28,15:00:00,22695,23395,22680,23315,1262056
2010-7-29,15:00:00,23410,23800,23365,23735,1494198
2010-7-30,15:00:00,23665,23970,23595,23965,1519642
2010-8-2,15:00:00,24100,24870,24100,24460,1363124
2010-8-3,15:00:00,24710,24720,24350,24365,1393860
2010-8-4,15:00:00,24395,24910,24355,24890,1429158
2010-8-5,15:00:00,25095,25150,24280,24440,1910132
2010-8-6,15:00:00,24500,24800,24410,24690,1639690
2010-8-9,15:00:00,24700,24945,24615,24910,1088150
2010-8-10,15:00:00,24810,25200,24760,24860,1396162
2010-8-11,15:00:00,24815,25085,24590,24685,1167258
2010-8-12,15:00:00,24530,24625,24185,24480,1342300
2010-8-13,15:00:00,24680,24910,24480,24845,1041098
2010-8-16,15:00:00,24650,24970,24430,24750,1092708
2010-8-17,15:00:00,24765,25310,24765,25310,1319932
2010-8-18,15:00:00,25500,25580,25290,25375,1009254
2010-8-19,15:00:00,25615,25835,25430,25820,1011694
2010-8-20,15:00:00,25730,25745,25175,25270,1105640
2010-8-23,15:00:00,25395,25445,24975,25095,1086510
2010-8-24,15:00:00,25025,25030,24385,24485,1341658
2010-8-25,15:00:00,24445,24875,24375,24845,1320038
2010-8-26,15:00:00,25180,25620,25150,25520,880610
2010-8-27,15:00:00,25530,25710,25380,25630,867488
2010-8-30,15:00:00,25850,25995,25665,25825,1012108
2010-8-31,15:00:00,25610,25690,25255,25320,986414
2010-9-1,15:00:00,25460,25955,25435,25680,1100210
2010-9-2,15:00:00,25820,26245,25820,26220,979594
2010-9-3,15:00:00,26300,26350,26060,26225,763414
2010-9-6,15:00:00,26300,26645,26260,26540,606504
2010-9-7,15:00:00,26500,26510,26215,26390,573742
2010-9-8,15:00:00,26390,26605,26255,26450,688308
2010-9-9,15:00:00,26590,26715,25230,25445,1150246
2010-9-10,15:00:00,25650,25830,25320,25415,880138
2010-9-13,15:00:00,25630,25805,25300,25745,1407326
2010-9-14,15:00:00,25695,25855,25540,25650,1263440
2010-9-15,15:00:00,25760,25760,25255,25285,1150998
2010-9-16,15:00:00,25300,25375,25050,25170,1184168
2010-9-17,15:00:00,25220,25985,25180,25985,1108378
2010-9-20,15:00:00,25985,26840,25985,26635,750136
2010-9-21,15:00:00,26650,26920,26325,26805,895418
2010-9-27,15:00:00,27180,27320,26535,26570,681732
2010-9-28,15:00:00,26505,26815,26240,26685,663152
2010-9-29,15:00:00,26810,26935,26500,26910,853718
2010-9-30,15:00:00,26955,26955,26505,26875,619218
2010-10-8,15:00:00,26990,28015,26850,27655,680234
2010-10-11,15:00:00,28220,29065,28220,29065,439044
2010-10-12,15:00:00,29000,29555,28855,29335,1204656
2010-10-13,15:00:00,29665,30700,29665,30675,1284732
2010-10-14,15:00:00,31100,31795,30835,31570,1353342
2010-10-15,15:00:00,31575,32055,31160,32040,1277568
2010-10-18,15:00:00,31490,31945,31075,31580,1337880
2010-10-19,15:00:00,32190,33000,31300,31720,1669618
2010-10-20,15:00:00,31000,31965,30845,31785,1215064
2010-10-21,15:00:00,32220,32295,30665,31170,1298376
2010-10-22,15:00:00,31350,31685,30910,31285,878388
2010-10-25,15:00:00,31450,32955,31400,32955,400962
2010-10-26,15:00:00,33200,33315,32405,32660,877530
2010-10-27,15:00:00,32925,32925,31210,31210,926076
2010-10-28,15:00:00,31490,32495,31120,32320,1029146
2010-10-29,15:00:00,31930,32150,30525,30740,2173684
2010-11-1,15:00:00,31160,31945,31160,31420,838488
2010-11-2,15:00:00,31530,32395,31105,32055,1137318
2010-11-3,15:00:00,32500,33190,32120,32645,970398
2010-11-4,15:00:00,32930,34150,32755,34130,1005804
2010-11-5,15:00:00,35025,35025,34980,35025,23752
2010-11-8,15:00:00,35800,37070,35050,35865,1284394
2010-11-9,15:00:00,35640,37735,35450,37370,1156516
2010-11-10,15:00:00,37530,38400,36960,37795,1224884
2010-11-11,15:00:00,38500,38915,36665,36755,1839010
2010-11-12,15:00:00,36195,36195,35790,35790,34184
2010-11-15,15:00:00,33415,34900,33415,33750,907582
2010-11-16,15:00:00,34600,35170,33200,33520,1566152
2010-11-17,15:00:00,32500,33425,32500,32500,652188
2010-11-18,15:00:00,33000,33540,31930,33225,1475294
2010-11-19,15:00:00,34000,34415,32705,34415,1333210
2010-11-22,15:00:00,33840,34380,33210,33215,1420122
2010-11-23,15:00:00,33190,33490,32220,32220,432588
2010-11-24,15:00:00,32000,32755,31315,32285,1614414
2010-11-25,15:00:00,32640,32700,31250,31280,1540782
2010-11-26,15:00:00,31500,31560,30375,30375,764610
2010-11-29,15:00:00,30000,30920,29705,30650,1252166
2010-11-30,15:00:00,30895,31080,29505,30880,1363902
2010-12-1,15:00:00,30635,31545,30560,31160,1364886
2010-12-2,15:00:00,32030,32030,31560,31700,784486
2010-12-3,15:00:00,31690,32515,31485,32365,1202768
2010-12-6,15:00:00,32800,33080,32405,32835,780806
2010-12-7,15:00:00,32715,33245,32255,33225,683698
2010-12-8,15:00:00,32685,33095,32180,32200,896800
2010-12-9,15:00:00,32835,33480,32730,33100,1005452
2010-12-10,15:00:00,32960,33920,32725,33805,905474
2010-12-13,15:00:00,33855,35320,33780,35320,573706
2010-12-14,15:00:00,35500,35990,35085,35535,881230
2010-12-15,15:00:00,35300,35760,34660,34735,933480
2010-12-16,15:00:00,34800,35400,34460,35050,926854
2010-12-17,15:00:00,35160,36245,35120,36145,1013342
2010-12-20,15:00:00,36880,37855,36205,37320,1102432
2010-12-21,15:00:00,37555,37750,36760,37685,1172788
2010-12-22,15:00:00,37770,37770,36450,36585,1060490
2010-12-23,15:00:00,36755,37350,36655,37175,932074
2010-12-24,15:00:00,37600,37675,36520,37300,998258
2010-12-27,15:00:00,37000,37755,36820,37110,858082
2010-12-28,15:00:00,37000,37180,36025,36030,1052220
2010-12-29,15:00:00,36195,36335,35765,36255,704566
2010-12-30,15:00:00,35930,36640,35480,36545,757010
2010-12-31,15:00:00,36000,37225,36000,37190,596546
2011-1-4,15:00:00,37470,37875,37005,37610,602190
2011-1-5,15:00:00,37170,38360,37110,38100,798046
2011-1-6,15:00:00,38800,38830,38275,38365,550824
2011-1-7,15:00:00,38000,38755,36425,36785,1042374
2011-1-10,15:00:00,37150,37520,36820,37240,753260
2011-1-11,15:00:00,37500,37795,37255,37640,700912
2011-1-12,15:00:00,38190,38560,38035,38280,577978
2011-1-13,15:00:00,38450,38675,37860,38060,843840
2011-1-14,15:00:00,38000,38570,37550,38570,771396
2011-1-17,15:00:00,38700,38885,37920,38260,657014
2011-1-18,15:00:00,38315,38430,37655,38125,726428
2011-1-19,15:00:00,38350,39975,38160,39920,772250
2011-1-20,15:00:00,39630,40215,39570,40130,788972
2011-1-21,15:00:00,40000,40985,39780,40650,734228
2011-1-24,15:00:00,40870,41200,40380,40465,541502
2011-1-25,15:00:00,40380,40685,39330,39665,625752
2011-1-26,15:00:00,39085,39420,38410,39280,722890
2011-1-27,15:00:00,39585,41265,37480,41265,631478
2011-1-28,15:00:00,40000,40960,39825,40940,610376
2011-1-31,15:00:00,41000,41850,40710,40920,502578
2011-2-1,15:00:00,41320,41780,41055,41710,416200
2011-2-9,15:00:00,42485,42755,42080,42215,224556
2011-2-10,15:00:00,42420,43290,42375,42765,398552
2011-2-11,15:00:00,42975,43230,42300,42685,517500
2011-2-14,15:00:00,43200,43350,42325,42860,444090
2011-2-15,15:00:00,42795,43000,41870,41905,535802
2011-2-16,15:00:00,41540,42100,41050,41850,612636
2011-2-17,15:00:00,42300,42650,41255,41305,614390
2011-2-18,15:00:00,41520,41750,40195,40310,726892
2011-2-21,15:00:00,40660,40755,40095,40480,766670
2011-2-22,15:00:00,40000,41140,39360,39700,889564
2011-2-23,15:00:00,39185,39790,38915,39530,649578
2011-2-24,15:00:00,40025,40150,38070,38355,711408
2011-2-25,15:00:00,38470,38670,37965,38285,550860
2011-2-28,15:00:00,38300,39370,38050,39315,840308
2011-3-1,15:00:00,39490,39825,39190,39365,666956
2011-3-2,15:00:00,39260,39300,38410,38860,678134
2011-3-3,15:00:00,38600,40010,38430,38460,735126
2011-3-4,15:00:00,38610,38795,37710,38030,864336
2011-3-7,15:00:00,38125,38770,37930,38675,606374
2011-3-8,15:00:00,37900,37945,36035,36205,472964
2011-3-9,15:00:00,36280,36765,35805,36370,715074
2011-3-10,15:00:00,35880,36495,35605,36190,555328
2011-3-11,15:00:00,35535,36120,35065,35195,564096
2011-3-14,15:00:00,33560,34505,33480,33480,232954
2011-3-15,15:00:00,33200,33945,32750,33155,758876
2011-3-16,15:00:00,33475,34440,33020,34245,495172
2011-3-17,15:00:00,33850,34715,33650,34220,688108
2011-3-18,15:00:00,35845,35845,34750,34970,631856
2011-3-21,15:00:00,34995,35355,34550,35125,704962
2011-3-22,15:00:00,35170,35740,34930,35485,715006
2011-3-23,15:00:00,35650,36475,35550,36165,736344
2011-3-24,15:00:00,36235,36465,35855,35880,670464
2011-3-25,15:00:00,35970,36160,35305,35555,779602
2011-3-28,15:00:00,35460,35505,34035,34150,699090
2011-3-29,15:00:00,33800,34500,33635,34315,719790
2011-3-30,15:00:00,34500,35185,34340,35100,680744
2011-3-31,15:00:00,34880,35155,34500,34895,724526
2011-4-1,15:00:00,35000,35390,34400,34635,716030
2011-4-6,15:00:00,35100,36050,35100,35940,594116
2011-4-7,15:00:00,36050,36220,35750,35790,447452
2011-4-8,15:00:00,35635,36725,35555,36680,580356
2011-4-11,15:00:00,36980,37700,36915,37065,499654
2011-4-12,15:00:00,36685,36895,36415,36455,494056
2011-4-13,15:00:00,36345,36590,35700,36555,693462
2011-4-14,15:00:00,36100,36460,35650,35670,755012
2011-4-15,15:00:00,35780,36125,35260,35295,784902
2011-4-18,15:00:00,34970,35205,34620,34960,592756
2011-4-19,15:00:00,34870,35130,33580,33870,720752
2011-4-20,15:00:00,34230,34910,34185,34875,654876
2011-4-21,15:00:00,34885,35265,34305,34510,809430
2011-4-22,15:00:00,35000,35185,34345,34780,797176
2011-4-25,15:00:00,35005,35075,33250,33270,801042
2011-4-26,15:00:00,32805,33095,32620,32900,627938
2011-4-27,15:00:00,33285,33355,32100,32160,946734
2011-4-28,15:00:00,32400,33125,32205,32730,1032694
2011-4-29,15:00:00,32610,32700,31610,31860,881868
2011-5-3,15:00:00,32000,32140,31580,31760,614608
2011-5-4,15:00:00,31635,31760,30940,31145,712756
2011-5-5,15:00:00,30950,30950,30380,30380,623480
2011-5-6,15:00:00,29700,30395,29420,30290,755054
2011-5-9,15:00:00,30500,31050,30225,30955,808882
2011-5-10,15:00:00,30890,31500,30500,31480,1063878
2011-5-11,15:00:00,31780,31855,31120,31130,957608
2011-5-12,15:00:00,30650,30820,29560,29745,1034490
2011-5-13,15:00:00,30060,31550,29930,31510,1158888
2011-5-16,15:00:00,31215,31670,30805,31205,1204570
2011-5-17,15:00:00,31295,31700,30570,31570,1415494
2011-5-18,15:00:00,31630,31895,31160,31320,1115986
2011-5-19,15:00:00,31845,32330,31460,31580,1314304
2011-5-20,15:00:00,31595,31670,31185,31485,1132460
2011-5-23,15:00:00,31745,31780,30655,30830,1114954
2011-5-24,15:00:00,31010,31850,30950,31615,1033524
2011-5-25,15:00:00,31870,32300,31560,32295,1338348
2011-5-26,15:00:00,32600,32710,32445,32690,840382
2011-5-27,15:00:00,32480,32765,32200,32750,893124
2011-5-30,15:00:00,32690,33100,32470,32555,887338
2011-5-31,15:00:00,32695,32985,32500,32850,953608
2011-6-1,15:00:00,32980,33170,32450,32585,865782
2011-6-2,15:00:00,32240,32575,31960,32450,817456
2011-6-3,15:00:00,32625,33365,32595,33365,784674
2011-6-7,15:00:00,33000,33455,32835,33410,926852
2011-6-8,15:00:00,33200,33280,32455,33040,1181968
2011-6-9,15:00:00,33250,33445,32970,33035,1025274
2011-6-10,15:00:00,33140,33325,32800,33045,1127020
2011-6-13,15:00:00,32615,32900,32520,32685,839456
2011-6-14,15:00:00,32720,32985,32455,32770,923140
2011-6-15,15:00:00,33080,33540,33040,33500,727410
2011-6-16,15:00:00,33115,33430,33005,33110,724684
2011-6-17,15:00:00,33220,33495,33020,33405,835996
2011-6-20,15:00:00,33405,33590,33165,33290,656110
2011-6-21,15:00:00,33500,33555,32755,33310,918006
2011-6-22,15:00:00,33215,33240,32260,32390,995066
2011-6-23,15:00:00,32210,32245,31740,32090,739066
2011-6-24,15:00:00,32020,32420,31855,32150,793416
2011-6-27,15:00:00,31665,31665,30645,30725,709272
2011-6-28,15:00:00,31090,31170,30530,30700,638648
2011-6-29,15:00:00,31060,31335,30775,31060,587720
2011-6-30,15:00:00,31330,31950,31325,31865,444212
2011-7-1,15:00:00,31670,32050,31565,31935,293282
2011-7-4,15:00:00,32490,33680,32395,33480,454628
2011-7-5,15:00:00,33335,33860,33210,33765,607012
2011-7-6,15:00:00,34165,34400,33950,34065,573720
2011-7-7,15:00:00,33920,34365,33880,34180,548034
2011-7-8,15:00:00,34565,35260,34300,34345,721414
2011-7-11,15:00:00,33950,34360,33665,33665,658448
2011-7-12,15:00:00,33640,33870,33385,33825,835622
2011-7-13,15:00:00,34290,35000,34225,35000,594572
2011-7-14,15:00:00,34840,35420,34580,35380,738656
2011-7-15,15:00:00,35195,35645,35115,35370,733334
2011-7-18,15:00:00,35620,36060,35060,35115,693246
2011-7-19,15:00:00,35280,35905,35015,35855,830998
2011-7-20,15:00:00,36250,36380,35660,35870,802840
2011-7-21,15:00:00,36035,36210,35740,35965,735590
2011-7-22,15:00:00,35800,36110,35460,36110,705282
2011-7-25,15:00:00,36030,36205,35655,35690,582298
2011-7-26,15:00:00,35685,36360,35600,36340,626330
2011-7-27,15:00:00,36570,36590,36150,36280,487328
2011-7-28,15:00:00,36050,36085,35480,35540,611442
2011-7-29,15:00:00,35540,35900,35350,35450,648442
2011-8-1,15:00:00,35995,36235,35880,36190,449998
2011-8-2,15:00:00,35825,35850,35480,35725,445876
2011-8-3,15:00:00,35600,36045,35565,35685,451372
2011-8-4,15:00:00,35530,35750,35355,35680,501942
2011-8-5,15:00:00,34850,34920,33605,33705,677294
2011-8-8,15:00:00,33050,33880,33050,33690,601052
2011-8-9,15:00:00,31535,32870,31535,32785,650082
2011-8-10,15:00:00,33250,33450,32780,33030,570180
2011-8-11,15:00:00,32710,34185,32670,34170,816978
2011-8-12,15:00:00,34310,34435,34010,34295,578496
2011-8-15,15:00:00,34590,34670,34225,34310,463764
2011-8-16,15:00:00,34460,34530,33765,33785,547124
2011-8-17,15:00:00,33795,34300,33790,34100,573788
2011-8-18,15:00:00,34165,34265,33620,33745,669994
2011-8-19,15:00:00,33320,33550,32965,33490,616122
2011-8-22,15:00:00,33600,33855,32835,32850,616562
2011-8-23,15:00:00,33095,33290,32770,33120,782708
2011-8-24,15:00:00,33410,33430,32970,33105,547226
2011-8-25,15:00:00,33140,33525,33035,33180,666942
2011-8-26,15:00:00,33280,33285,32720,33045,693094
2011-8-29,15:00:00,33245,33245,32880,33155,420784
2011-8-30,15:00:00,33475,34165,33360,34075,653834
2011-8-31,15:00:00,34115,34270,33975,34240,405940
2011-9-1,15:00:00,34170,34380,33940,33940,515462
2011-9-2,15:00:00,33820,34060,33680,33750,457812
2011-9-5,15:00:00,33645,33855,32775,32795,600012
2011-9-6,15:00:00,32805,33005,32345,32910,726168
2011-9-7,15:00:00,33200,33850,33030,33835,665958
2011-9-8,15:00:00,34150,34150,33730,33765,463086
2011-9-9,15:00:00,33820,34180,33700,34095,668824
2011-9-13,15:00:00,33995,33995,33350,33680,645890
2011-9-14,15:00:00,33810,33955,32770,32950,869178
2011-9-15,15:00:00,33200,33290,32665,33065,934794
2011-9-16,15:00:00,33290,33800,33260,33680,869932
2011-9-19,15:00:00,33210,33210,31825,31925,816088
2011-9-20,15:00:00,32000,32090,31545,31805,847960
2011-9-21,15:00:00,31710,32260,31040,32060,1216294
2011-9-22,15:00:00,31000,31000,29845,30400,951298
2011-9-23,15:00:00,29200,29685,28725,28735,1032314
2011-9-26,15:00:00,28725,29140,27465,27465,1009508
2011-9-27,15:00:00,28700,28780,27910,28250,1208360
2011-9-28,15:00:00,28395,28480,26745,27540,1349048
2011-9-29,15:00:00,26010,26895,26010,26635,1009050
2011-9-30,15:00:00,26800,27880,26765,27775,830976
2011-10-10,15:00:00,28185,28345,27685,27825,628098
2011-10-11,15:00:00,28380,28870,28055,28220,894610
2011-10-12,15:00:00,28000,29030,27660,28900,1199724
2011-10-13,15:00:00,28705,28910,28350,28535,920870
2011-10-14,15:00:00,28250,28925,28200,28870,973986
2011-10-17,15:00:00,29120,29500,28680,28700,888866
2011-10-18,15:00:00,28390,28435,27300,27300,860548
2011-10-19,15:00:00,27695,27795,26140,26615,1577760
2011-10-20,15:00:00,25795,25815,25445,25445,159068
2011-10-21,15:00:00,24885,25500,24465,24715,1704606
2011-10-24,15:00:00,25500,26465,24595,26320,1634484
2011-10-25,15:00:00,26520,27050,26105,26650,1647730
2011-10-26,15:00:00,26100,27135,25820,26850,1778906
2011-10-27,15:00:00,27000,27665,26750,27615,1520888
2011-10-28,15:00:00,28700,28835,27770,27815,1038164
2011-10-31,15:00:00,27610,27965,26870,27105,1308420
2011-11-1,15:00:00,26915,27720,26360,26410,1576532
2011-11-2,15:00:00,26000,27100,25915,26970,1480452
2011-11-3,15:00:00,26695,26745,25735,25810,1424472
2011-11-4,15:00:00,26270,27500,26205,27410,1872798
2011-11-7,15:00:00,27170,27260,26230,26540,1525654
2011-11-8,15:00:00,26790,26945,25930,26050,1717638
2011-11-9,15:00:00,26380,26670,25510,25660,1883714
2011-11-10,15:00:00,24560,24710,24490,24490,66006
2011-11-11,15:00:00,24090,24550,23870,24140,1222478
2011-11-14,15:00:00,25090,25675,24815,25675,803666
2011-11-15,15:00:00,25080,25675,25055,25485,820266
2011-11-16,15:00:00,25675,25925,24915,25005,993232
2011-11-17,15:00:00,25330,26025,25030,25850,1407516
2011-11-18,15:00:00,24900,25600,24845,25320,1480756
2011-11-21,15:00:00,24740,24950,24410,24600,991402
2011-11-22,15:00:00,24385,24945,24320,24830,1093834
2011-11-23,15:00:00,24800,25310,24695,24705,1185612
2011-11-24,15:00:00,24840,25100,24115,24845,1522826
2011-11-25,15:00:00,24785,24950,24400,24455,1048050
2011-11-28,15:00:00,24985,25405,24825,25085,1066832
2011-11-29,15:00:00,24985,25290,24850,25160,1010714
2011-11-30,15:00:00,25360,25360,24700,24790,994148
2011-12-1,15:00:00,26475,26475,25730,25925,875178
2011-12-2,15:00:00,25860,25980,25655,25900,727912
2011-12-5,15:00:00,26180,26220,25865,26025,702138
2011-12-6,15:00:00,25805,26145,25735,26090,639788
2011-12-7,15:00:00,26285,26730,26150,26730,904120
2011-12-8,15:00:00,26570,26780,26420,26615,808000
2011-12-9,15:00:00,26265,26460,26005,26085,858258
2011-12-12,15:00:00,26360,26360,25630,25735,774842
2011-12-13,15:00:00,25490,25630,25285,25400,675208
2011-12-14,15:00:00,25220,25645,25200,25470,763152
2011-12-15,15:00:00,24500,24925,24260,24395,802240
2011-12-16,15:00:00,24600,25015,24525,24970,729626
2011-12-19,15:00:00,24895,24900,24180,24685,856574
2011-12-20,15:00:00,24820,25065,24585,24915,1019290
2011-12-21,15:00:00,25310,25455,25190,25275,834038
2011-12-22,15:00:00,25200,25380,25035,25225,807196
2011-12-23,15:00:00,25260,25620,25260,25575,653258
2011-12-26,15:00:00,25560,25655,25020,25045,708640
2011-12-27,15:00:00,24980,25155,24880,24885,672678
2011-12-28,15:00:00,25000,25215,24725,24890,820242
2011-12-29,15:00:00,24570,24650,24300,24320,609326
2011-12-30,15:00:00,24520,24635,24025,24160,900810
2012-1-4,15:00:00,24550,24745,23640,23655,1041404
2012-1-5,15:00:00,23510,24460,23450,24420,1379086
2012-1-6,15:00:00,24305,24625,24175,24610,1079326
2012-1-9,15:00:00,24515,24695,24350,24590,802694
2012-1-10,15:00:00,24625,25135,24325,24940,1148338
2012-1-11,15:00:00,25000,25300,24815,25275,892958
2012-1-12,15:00:00,25175,25495,25135,25315,764826
2012-1-13,15:00:00,25290,25380,24915,25050,905794
2012-1-16,15:00:00,24710,25670,24640,25580,994962
2012-1-17,15:00:00,25780,26650,25745,26250,987238
2012-1-18,15:00:00,26230,26730,26150,26555,904424
2012-1-19,15:00:00,26730,26950,26550,26945,691746
2012-1-20,15:00:00,27000,27955,26935,27940,813664
2012-1-30,15:00:00,27650,27720,27040,27200,709538
2012-1-31,15:00:00,27360,27755,27175,27680,902154
2012-2-1,15:00:00,27550,27650,27255,27280,839718
2012-2-2,15:00:00,27460,27560,27060,27335,948060
2012-2-3,15:00:00,27145,27805,27145,27730,907510
2012-2-6,15:00:00,28100,28660,28065,28605,732270
2012-2-7,15:00:00,28600,28655,28050,28350,923590
2012-2-8,15:00:00,28545,29185,28545,29170,908670
2012-2-9,15:00:00,28995,29340,28590,28795,1193292
2012-2-10,15:00:00,28980,28980,28290,28315,1280318
2012-2-13,15:00:00,28300,28560,28165,28395,1035634
2012-2-14,15:00:00,28380,28445,28105,28255,841280
2012-2-15,15:00:00,28500,28985,28450,28665,962208
2012-2-16,15:00:00,28440,28470,27450,27630,1177450
2012-2-17,15:00:00,28095,28155,27785,27860,1107382
2012-2-20,15:00:00,28480,28480,28120,28230,820810
2012-2-21,15:00:00,28280,28925,28240,28910,1037500
2012-2-22,15:00:00,29385,29450,28960,29100,812664
2012-2-23,15:00:00,29000,29250,28860,29235,896040
2012-2-24,15:00:00,29270,29530,29110,29215,1188410
2012-2-27,15:00:00,29355,29435,28885,28910,943974
2012-2-28,15:00:00,28815,29315,28755,29315,919798
2012-2-29,15:00:00,29170,29435,29100,29430,911940
2012-3-1,15:00:00,29250,29580,28955,29035,1153982
2012-3-2,15:00:00,29340,29480,29165,29350,992222
2012-3-5,15:00:00,29340,29450,28825,28920,898460
2012-3-6,15:00:00,28920,28975,28495,28530,762548
2012-3-7,15:00:00,28000,28265,27910,28085,579940
2012-3-8,15:00:00,28275,28330,27930,28005,719672
2012-3-9,15:00:00,28215,28800,28165,28760,881416
2012-3-12,15:00:00,28800,28895,28475,28795,782348
2012-3-13,15:00:00,28790,29160,28735,29090,692742
2012-3-14,15:00:00,29235,29370,28725,28875,828712
2012-3-15,15:00:00,28800,28935,28530,28570,787794
2012-3-16,15:00:00,28800,28935,28365,28490,864470
2012-3-19,15:00:00,28500,28550,28065,28190,692274
2012-3-20,15:00:00,28200,28325,27735,28065,836980
2012-3-21,15:00:00,27980,28480,27975,28445,771674
2012-3-22,15:00:00,28400,28540,27985,28110,752606
2012-3-23,15:00:00,28100,28290,27950,28285,551662
2012-3-26,15:00:00,28330,28480,28240,28300,444600
2012-3-27,15:00:00,28550,28630,28410,28550,390820
2012-3-28,15:00:00,28450,28480,28220,28230,394544
2012-3-29,15:00:00,28105,28150,27715,27895,392142
2012-3-30,15:00:00,27965,28090,27860,27980,231472
2012-4-5,15:00:00,27000,27420,26620,27195,306146
2012-4-6,15:00:00,27285,27360,26945,27320,403706
2012-4-9,15:00:00,27230,27540,27030,27200,373554
2012-4-10,15:00:00,27200,27450,27120,27320,426484
2012-4-11,15:00:00,26710,26870,26595,26680,324418
2012-4-12,15:00:00,26850,26955,26735,26850,264748
2012-4-13,15:00:00,27000,27000,26635,26655,291592
2012-4-16,15:00:00,26300,26545,26220,26520,231518
2012-4-17,15:00:00,26430,26600,26370,26430,213928
2012-4-18,15:00:00,26690,27610,26625,27205,336042
2012-4-19,15:00:00,27000,27320,26995,27245,255832
2012-4-20,15:00:00,27245,27280,27060,27230,228632
2012-4-23,15:00:00,27240,27385,27060,27100,281512
2012-4-24,15:00:00,27195,27195,26650,26810,383878
2012-4-25,15:00:00,26810,26885,26720,26755,187698
2012-4-26,15:00:00,26805,27175,26775,27130,238076
2012-4-27,15:00:00,27295,27295,27110,27215,183412
2012-5-2,15:00:00,27430,27490,27280,27305,180066
2012-5-3,15:00:00,27220,27320,26800,26840,234692
2012-5-4,15:00:00,26745,26930,26705,26910,210012
2012-5-7,15:00:00,26530,26715,26500,26620,199598
2012-5-8,15:00:00,26700,26985,26660,26710,251088
2012-5-9,15:00:00,26350,26450,25940,26100,331954
2012-5-10,15:00:00,26220,26295,25970,26225,303752
2012-5-11,15:00:00,26140,26185,25455,25540,382616
2012-5-14,15:00:00,25760,25775,24610,24860,450344
2012-5-15,15:00:00,24470,24715,23940,24685,516002
2012-5-16,15:00:00,24500,24685,23905,23990,519100
2012-5-17,15:00:00,24340,24690,24225,24480,537142
2012-5-18,15:00:00,24225,24320,23705,24090,741588
2012-5-21,15:00:00,24545,24840,24425,24735,453832
2012-5-22,15:00:00,24830,24830,24485,24610,395428
2012-5-23,15:00:00,24180,24180,23740,24130,399582
2012-5-24,15:00:00,24080,24245,23750,24205,571932
2012-5-25,15:00:00,24200,24335,23970,24270,502174
2012-5-28,15:00:00,24400,24510,24210,24465,431426
2012-5-29,15:00:00,24210,24740,24155,24670,454528
2012-5-30,15:00:00,24500,24580,24230,24350,538506
2012-5-31,15:00:00,23850,24160,23800,23975,407690
2012-6-1,15:00:00,23850,23995,23555,23610,643298
2012-6-4,15:00:00,23000,23170,22305,22305,631090
2012-6-5,15:00:00,22580,22785,22375,22445,603200
2012-6-6,15:00:00,22320,22830,22190,22625,818118
2012-6-7,15:00:00,22915,23110,22605,22665,625110
2012-6-8,15:00:00,22595,22595,22015,22055,754542
2012-6-11,15:00:00,22585,23020,22585,22770,598726
2012-6-12,15:00:00,22310,22400,22165,22300,493474
2012-6-13,15:00:00,22365,22400,22175,22340,473566
2012-6-14,15:00:00,22225,22665,22105,22260,716710
2012-6-15,15:00:00,22400,22940,22385,22920,757266
2012-6-18,15:00:00,23265,23435,23070,23210,570294
2012-6-19,15:00:00,23150,23290,23030,23045,527570
2012-6-20,15:00:00,23200,23445,23130,23350,474914
2012-6-21,15:00:00,22880,22880,22525,22570,490800
2012-6-25,15:00:00,22100,22630,22100,22335,502490
2012-6-26,15:00:00,22440,22575,22245,22360,505836
2012-6-27,15:00:00,22400,22625,22295,22475,523418
2012-6-28,15:00:00,22800,22800,22520,22665,478322
2012-6-29,15:00:00,22500,23070,22380,23060,635082
2012-7-2,15:00:00,23550,23550,23150,23275,423692
2012-7-3,15:00:00,23285,24095,23250,23880,663660
2012-7-4,15:00:00,23890,24210,23820,23915,601822
2012-7-5,15:00:00,23900,24210,23810,24165,541222
2012-7-6,15:00:00,24050,24200,23820,23990,580966
2012-7-9,15:00:00,23630,24075,23590,23960,513804
2012-7-10,15:00:00,23950,24375,23815,23840,665534
2012-7-11,15:00:00,23785,24160,23675,23880,564610
2012-7-12,15:00:00,23905,24105,23780,23880,492216
2012-7-13,15:00:00,23885,24510,23885,24485,499480
2012-7-16,15:00:00,24450,24775,24420,24615,423296
2012-7-17,15:00:00,24795,24890,24115,24270,452862
2012-7-18,15:00:00,24280,24300,23775,23825,355996
2012-7-19,15:00:00,24000,24225,23820,24085,321862
2012-7-20,15:00:00,24450,24645,23935,24005,458746
2012-7-23,15:00:00,23720,23720,22810,22810,288566
2012-7-24,15:00:00,22300,22550,21920,22295,582946
2012-7-25,15:00:00,22195,22620,22050,22055,521602
2012-7-26,15:00:00,22260,22350,21990,22210,523844
2012-7-27,15:00:00,22350,22800,22235,22745,577652
2012-7-30,15:00:00,22865,22930,22290,22365,578136
2012-7-31,15:00:00,22350,22620,22260,22445,565116
2012-8-1,15:00:00,22200,22700,22000,22500,684434
2012-8-2,15:00:00,22400,22675,22335,22605,526090
2012-8-3,15:00:00,22365,22475,22260,22470,464090
2012-8-6,15:00:00,22700,22795,22485,22595,376444
2012-8-7,15:00:00,22530,22885,22520,22695,472234
2012-8-8,15:00:00,22730,22810,22125,22135,557568
2012-8-9,15:00:00,22200,22500,22065,22465,658930
2012-8-10,15:00:00,22375,22645,22190,22300,649730
2012-8-13,15:00:00,22320,22320,21590,21645,708770
2012-8-14,15:00:00,21650,21680,20705,21380,980012
2012-8-15,15:00:00,21290,21460,20925,21335,897504
2012-8-16,15:00:00,21605,21645,21260,21405,589166
2012-8-17,15:00:00,21900,21920,21575,21760,567716
2012-8-20,15:00:00,21845,21845,21280,21415,582112
2012-8-21,15:00:00,21405,21630,21210,21560,617160
2012-8-22,15:00:00,21560,21750,21315,21395,616802
2012-8-23,15:00:00,21465,21925,21415,21880,755972
2012-8-24,15:00:00,21730,21845,21625,21770,467550
2012-8-27,15:00:00,22070,22585,22070,22545,640978
2012-8-28,15:00:00,22350,22510,22290,22365,478596
2012-8-29,15:00:00,22210,22305,21390,21610,760192
2012-8-30,15:00:00,21750,21885,21425,21770,674842
2012-8-31,15:00:00,21570,21640,21235,21490,535842
2012-9-3,15:00:00,21560,22230,21515,22110,514022
2012-9-4,15:00:00,22270,22340,21675,21815,624102
2012-9-5,15:00:00,21520,21775,21445,21605,461442
2012-9-6,15:00:00,21860,22200,21760,22030,570480
2012-9-7,15:00:00,21940,22515,21650,22165,797706
2012-9-10,15:00:00,22600,23070,22600,23045,582098
2012-9-11,15:00:00,22955,23300,22825,23290,665750
2012-9-12,15:00:00,23390,23610,23260,23400,616124
2012-9-13,15:00:00,23480,23535,23025,23080,525246
2012-9-14,15:00:00,24010,24675,23840,24370,739466
2012-9-17,15:00:00,24300,24435,24220,24385,482020
2012-9-18,15:00:00,23985,24660,23940,24305,765218
2012-9-19,15:00:00,24345,24620,24120,24535,589136
2012-9-20,15:00:00,24210,24340,23750,23880,624360
2012-9-21,15:00:00,24190,24410,23965,24140,615222
2012-9-24,15:00:00,23980,23980,23385,23565,545496
2012-9-25,15:00:00,23685,23805,23560,23655,436422
2012-9-26,15:00:00,23460,23980,23455,23840,585518
2012-9-27,15:00:00,23655,24415,23595,24080,467108
2012-9-28,15:00:00,24400,25045,24225,25000,471974
2012-10-8,15:00:00,24760,24830,24400,24635,418372
2012-10-9,15:00:00,24735,25780,24690,25710,783646
2012-10-10,15:00:00,25600,25715,25425,25680,437728
2012-10-11,15:00:00,25510,25930,25315,25590,690178
2012-10-12,15:00:00,25725,25895,25235,25380,689760
2012-10-15,15:00:00,24880,25385,24770,25180,596134
2012-10-16,15:00:00,25300,25395,25070,25215,464738
2012-10-17,15:00:00,25305,25545,25130,25300,518234
2012-10-18,15:00:00,25525,25700,25435,25610,430630
2012-10-19,15:00:00,25550,25615,24825,24860,620314
2012-10-22,15:00:00,24515,24850,24465,24845,420820
2012-10-23,15:00:00,24705,24865,24075,24115,651720
2012-10-24,15:00:00,24020,24485,23960,24430,573930
2012-10-25,15:00:00,24730,25050,24460,24880,621708
2012-10-26,15:00:00,24810,24870,24370,24765,574294
2012-10-29,15:00:00,24800,24880,24405,24590,539926
2012-10-30,15:00:00,24585,24620,24255,24500,410808
2012-10-31,15:00:00,24515,24900,24385,24780,352988
2012-11-1,15:00:00,24615,24970,24485,24815,398066
2012-11-2,15:00:00,24745,24800,24395,24460,455022
2012-11-5,15:00:00,24100,24295,23550,23755,590808
2012-11-6,15:00:00,23820,23955,23650,23810,509652
2012-11-7,15:00:00,24055,24205,23825,24005,617396
2012-11-8,15:00:00,23550,23630,23330,23465,450834
2012-11-9,15:00:00,23795,24290,23710,23950,655312
2012-11-12,15:00:00,23990,24035,23490,23965,566716
2012-11-13,15:00:00,23900,23940,23620,23700,494848
2012-11-14,15:00:00,23860,24060,23585,23995,524756
2012-11-15,15:00:00,23890,24400,23855,24195,662768
2012-11-16,15:00:00,24165,24380,24080,24150,582352
2012-11-19,15:00:00,24395,24560,24335,24495,472888
2012-11-20,15:00:00,24750,24750,24350,24375,441654
2012-11-21,15:00:00,24420,24445,24150,24345,477554
2012-11-22,15:00:00,24440,24495,24300,24445,367234
2012-11-23,15:00:00,24350,24480,24105,24475,476782
2012-11-26,15:00:00,24475,24475,24220,24230,379600
2012-11-27,15:00:00,24300,24315,23840,23860,522872
2012-11-28,15:00:00,23825,23915,23675,23710,420754
2012-11-29,15:00:00,23785,23850,23590,23660,477212
2012-11-30,15:00:00,23850,23980,23705,23945,484664
2012-12-3,15:00:00,23960,24440,23930,24300,484704
2012-12-4,15:00:00,24255,24335,24150,24325,387188
2012-12-5,15:00:00,24330,24765,24215,24610,474872
2012-12-6,15:00:00,24600,24690,24330,24355,410356
2012-12-7,15:00:00,24320,24595,24255,24405,446196
2012-12-10,15:00:00,24540,25210,24485,24925,442204
2012-12-11,15:00:00,24885,24910,24560,24610,340050
2012-12-12,15:00:00,24780,24995,24580,24900,456584
2012-12-13,15:00:00,24930,25040,24535,24675,375636
2012-12-14,15:00:00,24580,25190,24580,25090,578958
2012-12-17,15:00:00,25190,25500,24820,25345,546292
2012-12-18,15:00:00,25310,25540,25200,25290,474066
2012-12-19,15:00:00,25310,25370,25135,25280,339142
2012-12-20,15:00:00,25025,25160,24765,24895,408876
2012-12-21,15:00:00,24800,25265,24800,24960,397064
2012-12-24,15:00:00,25000,25135,24910,25065,263482
2012-12-25,15:00:00,25150,25480,24980,25250,419250
2012-12-26,15:00:00,25350,25400,25200,25320,243194
2012-12-27,15:00:00,25480,26135,25400,25940,420328
2012-12-28,15:00:00,25950,26180,25850,26180,312534
2012-12-31,15:00:00,26160,26680,26035,26510,315864
2013-1-4,15:00:00,26530,26700,26300,26350,253494
2013-1-7,15:00:00,26400,26475,25975,26075,378260
2013-1-8,15:00:00,26150,26360,25820,26180,358170
2013-1-9,15:00:00,26260,26320,25975,26035,310256
2013-1-10,15:00:00,26210,26280,26060,26205,280448
2013-1-11,15:00:00,26400,26560,25710,25710,400080
2013-1-14,15:00:00,25780,26045,25565,25840,349848
2013-1-15,15:00:00,25820,26010,25470,25480,427780
2013-1-16,15:00:00,25480,25625,25235,25495,350832
2013-1-17,15:00:00,25560,25660,25395,25585,272300
2013-1-18,15:00:00,25800,26000,25760,25960,282882
2013-1-21,15:00:00,25900,25900,25680,25765,202064
2013-1-22,15:00:00,25790,26190,25770,26110,297090
2013-1-23,15:00:00,26190,26220,25970,26085,166216
2013-1-24,15:00:00,26050,26110,25510,25640,298740
2013-1-25,15:00:00,25715,25810,25560,25565,186352
2013-1-28,15:00:00,25585,25695,25390,25595,214772
2013-1-29,15:00:00,25580,25995,25520,25955,251966
2013-1-30,15:00:00,26050,26250,26040,26180,183602
2013-1-31,15:00:00,26215,26355,26050,26285,189682
2013-2-1,15:00:00,26235,26500,26060,26465,238504
2013-2-4,15:00:00,26880,26965,26580,26780,220938
2013-2-5,15:00:00,26525,26980,26525,26810,206520
2013-2-6,15:00:00,26910,27030,26590,26655,148234
2013-2-7,15:00:00,26700,26700,26305,26475,104830
2013-2-8,15:00:00,26360,26635,26275,26275,60672
2013-2-18,15:00:00,26190,26265,25850,25855,48808
2013-2-19,15:00:00,26060,26280,25980,26090,191986
2013-2-20,15:00:00,26160,26225,25765,25805,209598
2013-2-21,15:00:00,25685,25700,24745,25085,343394
2013-2-22,15:00:00,25075,25280,25000,25035,186748
2013-2-25,15:00:00,24995,25010,24510,24650,256940
2013-2-26,15:00:00,24440,24630,24100,24155,252498
2013-2-27,15:00:00,24285,24625,24250,24515,311510
2013-2-28,15:00:00,24745,24855,24475,24710,259924
2013-3-1,15:00:00,24505,24515,23555,23965,425134
2013-3-4,15:00:00,24050,24110,23725,23935,348126
2013-3-5,15:00:00,24095,24390,24095,24300,278576
2013-3-6,15:00:00,24380,24450,23955,24120,370996
2013-3-7,15:00:00,24205,24235,23850,23920,296710
2013-3-8,15:00:00,24095,24185,23785,24150,352030
2013-3-11,15:00:00,24220,24330,23965,23995,274152
2013-3-12,15:00:00,24045,24070,23220,23240,506842
2013-3-13,15:00:00,23315,23375,22805,22840,437574
2013-3-14,15:00:00,22680,22825,22405,22785,403176
2013-3-15,15:00:00,22980,23315,22650,23110,419124
2013-3-18,15:00:00,22750,22800,21825,22260,412414
2013-3-19,15:00:00,22420,22620,22310,22470,326124
2013-3-20,15:00:00,22355,22900,22295,22810,360900
2013-3-21,15:00:00,22900,23220,22860,22900,343186
2013-3-22,15:00:00,22710,23020,22645,22805,297654
2013-3-25,15:00:00,23000,23175,22810,22910,290840
2013-3-26,15:00:00,22835,22945,22535,22760,300848
2013-3-27,15:00:00,22910,22975,22585,22640,291176
2013-3-28,15:00:00,22680,22735,22030,22100,400384
2013-3-29,15:00:00,21900,22275,21645,22165,427478
2013-4-1,15:00:00,22050,22180,21425,21460,380876
2013-4-2,15:00:00,21500,21695,21085,21585,515132
2013-4-3,15:00:00,21550,21670,21300,21340,470886
2013-4-8,15:00:00,20990,21815,20975,21735,514648
2013-4-9,15:00:00,21880,21950,21610,21685,483768
2013-4-10,15:00:00,21730,22025,21690,21820,498034
2013-4-11,15:00:00,21800,22010,21430,21460,510256
2013-4-12,15:00:00,21500,21590,21250,21350,505258
2013-4-15,15:00:00,20920,20920,20355,20355,267152
2013-4-16,15:00:00,19500,20060,19265,19915,624276
2013-4-17,15:00:00,20020,20140,19150,19230,749946
2013-4-18,15:00:00,18605,19130,18575,18725,571112
2013-4-19,15:00:00,19075,19350,18740,19325,716216
2013-4-22,15:00:00,19320,19340,18580,18615,541130
2013-4-23,15:00:00,18715,18890,18215,18465,741400
2013-4-24,15:00:00,18615,19270,18545,18965,645096
2013-4-25,15:00:00,19080,19315,18820,19135,576936
2013-4-26,15:00:00,19500,19625,18860,19080,592562
2013-5-2,15:00:00,18495,19120,18420,19120,447302
2013-5-3,15:00:00,19250,19720,19165,19720,407512
2013-5-6,15:00:00,20500,20635,19880,19950,696226
2013-5-7,15:00:00,19880,20400,19765,19825,754232
2013-5-8,15:00:00,19885,20535,19850,20505,821318
2013-5-9,15:00:00,20700,20700,20105,20335,654148
2013-5-10,15:00:00,20455,20915,20280,20875,820268
2013-5-13,15:00:00,20800,20840,20510,20515,693014
2013-5-14,15:00:00,20530,20675,20170,20275,699920
2013-5-15,15:00:00,20275,20410,19815,19875,644238
2013-5-16,15:00:00,19880,20150,19680,19975,691520
2013-5-17,15:00:00,20000,20660,19975,20595,719142
2013-5-20,15:00:00,20565,20710,20410,20510,580754
2013-5-21,15:00:00,20700,20750,20280,20485,642760
2013-5-22,15:00:00,20400,20650,20165,20460,692732
2013-5-23,15:00:00,20200,20200,19390,19390,730354
2013-5-24,15:00:00,19500,19615,19225,19360,800176
2013-5-27,15:00:00,19200,19445,18985,19115,668452
2013-5-28,15:00:00,19220,19320,18930,19155,701956
2013-5-29,15:00:00,19100,19475,18705,18780,728910
2013-5-30,15:00:00,18530,18945,18520,18835,778494
2013-5-31,15:00:00,19020,19185,18670,18740,733430
2013-6-3,15:00:00,18865,19080,18735,18955,627398
2013-6-4,15:00:00,18985,19270,18945,19155,650098
2013-6-5,15:00:00,19200,19290,18760,18820,727408
2013-6-6,15:00:00,18725,18800,18185,18240,731820
2013-6-7,15:00:00,18325,18430,18180,18330,566258
2013-6-13,15:00:00,17800,18055,17570,17750,497004
2013-6-14,15:00:00,17900,18040,17745,17960,472412
2013-6-17,15:00:00,17960,18365,17960,18110,505230
2013-6-18,15:00:00,18130,18215,17855,18190,566078
2013-6-19,15:00:00,18250,18310,17915,18300,512684
2013-6-20,15:00:00,18050,18110,17700,17765,492408
2013-6-21,15:00:00,17415,17550,17005,17500,495212
2013-6-24,15:00:00,17490,17525,16900,16905,426120
2013-6-25,15:00:00,17000,17500,16835,17375,434486
2013-6-26,15:00:00,17500,17535,16920,16940,286990
2013-6-27,15:00:00,17065,17275,16825,17050,242076
2013-6-28,15:00:00,17650,17970,17485,17735,667370
2013-7-1,15:00:00,17720,18170,17640,18130,664312
2013-7-2,15:00:00,18270,18375,18070,18170,582450
2013-7-3,15:00:00,18285,18320,17860,18040,736620
2013-7-4,15:00:00,18070,18335,17940,18235,705694
2013-7-5,15:00:00,18210,18290,17930,17935,596708
2013-7-8,15:00:00,17935,17990,17230,17295,777500
2013-7-9,15:00:00,17350,17520,17150,17180,721404
2013-7-10,15:00:00,17110,17345,16930,17280,831704
2013-7-11,15:00:00,17515,18000,17470,18000,675780
2013-7-12,15:00:00,17980,18030,17450,17485,789932
2013-7-15,15:00:00,17460,17685,17285,17350,710244
2013-7-16,15:00:00,17360,17645,17215,17625,771308
2013-7-17,15:00:00,17655,18280,17590,18260,1002958
2013-7-18,15:00:00,18175,18430,18025,18345,1002560
2013-7-19,15:00:00,18590,18795,18365,18460,854846
2013-7-22,15:00:00,18690,18730,18390,18665,751664
2013-7-23,15:00:00,18610,18700,18335,18380,740782
2013-7-24,15:00:00,18480,18610,18105,18590,1027204
2013-7-25,15:00:00,18470,18670,18380,18555,883552
2013-7-26,15:00:00,18600,18635,18060,18165,791840
2013-7-29,15:00:00,17900,17900,17490,17615,686204
2013-7-30,15:00:00,17685,17795,17515,17520,661568
2013-7-31,15:00:00,17430,17940,17405,17915,852148
2013-8-1,15:00:00,17960,18190,17875,18110,833566
2013-8-2,15:00:00,18225,18325,17895,18005,771168
2013-8-5,15:00:00,17900,18315,17865,18280,759176
2013-8-6,15:00:00,18250,18445,18085,18400,751394
2013-8-7,15:00:00,18300,18520,18215,18280,789750
2013-8-8,15:00:00,18495,19245,18460,19070,1040558
2013-8-9,15:00:00,19215,19420,19135,19330,836314
2013-8-12,15:00:00,19400,19800,19320,19720,762408
2013-8-13,15:00:00,19700,19920,19640,19855,778900
2013-8-14,15:00:00,19805,19975,19580,19680,758926
2013-8-15,15:00:00,19750,19910,19465,19525,755312
2013-8-16,15:00:00,19615,20210,19560,19880,1031700
2013-8-19,15:00:00,19900,20120,19765,19855,738992
2013-8-20,15:00:00,19760,19860,19350,19470,724828
2013-8-21,15:00:00,19550,19640,19435,19535,643808
2013-8-22,15:00:00,19400,20040,19315,19865,819514
2013-8-23,15:00:00,19920,20300,19830,20295,892402
2013-8-26,15:00:00,20605,20870,20465,20700,698268
2013-8-27,15:00:00,20615,20730,20355,20685,632828
2013-8-28,15:00:00,20600,20950,20155,20155,898028
2013-8-29,15:00:00,20280,20300,19825,20135,745592
2013-8-30,15:00:00,20000,20240,19775,20000,732466
2013-9-2,15:00:00,20110,21055,20110,21055,743790
2013-9-3,15:00:00,21150,21300,20760,21015,730592
2013-9-4,15:00:00,21050,21080,20510,20690,681370
2013-9-5,15:00:00,20650,20850,20380,20795,839996
2013-9-6,15:00:00,20780,20985,20565,20810,686284
2013-9-9,15:00:00,21100,21170,20790,20870,574652
2013-9-10,15:00:00,20845,20845,20440,20550,621572
2013-9-11,15:00:00,20600,20775,20450,20735,693856
2013-9-12,15:00:00,20615,20655,20215,20240,619998
2013-9-13,15:00:00,20175,20295,20000,20220,583650
2013-9-16,15:00:00,20365,20400,19985,20100,610090
2013-9-17,15:00:00,20075,20395,19905,20390,763790
2013-9-18,15:00:00,20315,20820,20175,20795,756672
2013-9-23,15:00:00,20590,20950,20525,20900,575300
2013-9-24,15:00:00,20760,20910,20550,20635,651610
2013-9-25,15:00:00,20620,20700,20470,20575,583430
2013-9-26,15:00:00,20530,20700,20385,20620,594126
2013-9-27,15:00:00,20615,20915,20255,20260,622710
2013-9-30,15:00:00,20170,20340,20070,20080,352632
2013-10-8,15:00:00,20010,20710,19990,20585,410538
2013-10-9,15:00:00,20565,20620,20430,20545,472300
2013-10-10,15:00:00,20410,20450,20175,20300,455800
2013-10-11,15:00:00,20450,20890,20450,20655,612938
2013-10-14,15:00:00,20755,21190,20570,21175,626490
2013-10-15,15:00:00,21130,21250,20960,21175,562340
2013-10-16,15:00:00,21070,21200,20680,20840,591096
2013-10-17,15:00:00,21130,21150,20400,20405,658006
2013-10-18,15:00:00,20450,20595,20355,20445,478540
2013-10-21,15:00:00,20450,20645,20275,20605,500666
2013-10-22,15:00:00,20580,20675,20425,20455,426498
2013-10-23,15:00:00,20485,20570,20065,20105,529886
2013-10-24,15:00:00,20100,20270,19825,20145,517904
2013-10-25,15:00:00,20180,20215,19395,19405,566710
2013-10-28,15:00:00,19510,19525,19230,19360,386994
2013-10-29,15:00:00,19380,19575,19250,19465,401056
2013-10-30,15:00:00,19620,19720,19440,19585,293822
2013-10-31,15:00:00,19485,19490,19240,19335,225126
2013-11-1,15:00:00,19260,19420,19165,19385,188640
2013-11-4,15:00:00,19840,19915,19605,19725,455432
2013-11-5,15:00:00,19700,19780,19355,19480,563586
2013-11-6,15:00:00,19510,19570,19365,19425,514662
2013-11-7,15:00:00,19430,19680,19320,19615,530160
2013-11-8,15:00:00,19555,19700,19440,19470,525690
2013-11-11,15:00:00,19640,19655,19325,19410,502018
2013-11-12,15:00:00,19415,19460,19150,19260,503100
2013-11-13,15:00:00,19165,19380,19100,19250,491340
2013-11-14,15:00:00,19290,19430,19255,19320,418792
2013-11-15,15:00:00,19395,19530,19150,19150,543572
2013-11-18,15:00:00,19210,19225,19050,19130,369678
2013-11-19,15:00:00,19000,19250,18960,19230,447752
2013-11-20,15:00:00,19200,19435,19195,19365,438990
2013-11-21,15:00:00,19340,19355,19115,19195,429786
2013-11-22,15:00:00,19320,19490,19030,19095,484702
2013-11-25,15:00:00,19200,19210,18835,18850,488890
2013-11-26,15:00:00,18905,19080,18820,18935,480746
2013-11-27,15:00:00,18875,19025,18850,18980,383176
2013-11-28,15:00:00,18935,19325,18935,19265,555302
2013-11-29,15:00:00,19485,19755,19330,19695,545714
2013-12-2,15:00:00,19700,19745,19575,19690,385570
2013-12-3,15:00:00,19610,19640,19380,19450,439402
2013-12-4,15:00:00,19480,19690,19410,19615,466912
2013-12-5,15:00:00,19740,19740,19360,19410,461116
2013-12-6,15:00:00,19405,19595,19290,19545,495774
2013-12-9,15:00:00,19650,19875,19560,19830,449806
2013-12-10,15:00:00,19800,19885,19700,19795,361060
2013-12-11,15:00:00,19840,19925,19590,19635,398814
2013-12-12,15:00:00,19685,20180,19665,20130,559016
2013-12-13,15:00:00,20085,20100,19705,19885,531814
2013-12-16,15:00:00,19990,20045,19730,19795,366246
2013-12-17,15:00:00,19860,19880,19380,19410,515480
2013-12-18,15:00:00,19405,19440,19140,19150,422798
2013-12-19,15:00:00,19210,19310,18980,19055,460308
2013-12-20,15:00:00,19100,19190,18845,18850,470696
2013-12-23,15:00:00,18880,18985,18480,18520,527682
2013-12-24,15:00:00,18500,18500,18255,18310,401512
2013-12-25,15:00:00,18410,18580,18155,18415,543094
2013-12-26,15:00:00,18450,18540,18315,18365,423596
2013-12-27,15:00:00,18400,18625,18365,18430,407796
2013-12-30,15:00:00,18475,18530,18145,18265,385832
2013-12-31,15:00:00,18225,18345,18065,18140,427804
2014-1-2,15:00:00,18195,18260,18015,18135,354254
2014-1-3,15:00:00,18000,18020,17610,17625,422786
2014-1-6,15:00:00,17575,17630,17240,17245,439186
2014-1-7,15:00:00,17240,17275,16715,16815,626044
2014-1-8,15:00:00,16810,16915,16685,16735,446668
2014-1-9,15:00:00,16690,17125,16660,16855,553446
2014-1-10,15:00:00,16820,17030,16720,16920,437596
2014-1-13,15:00:00,17040,17040,16325,16340,530984
2014-1-14,15:00:00,16325,16815,16235,16750,590184
2014-1-15,15:00:00,16720,16840,16520,16675,539538
2014-1-16,15:00:00,16750,16945,16680,16755,528038
2014-1-17,15:00:00,16700,16705,16450,16630,448570
2014-1-20,15:00:00,16510,16935,16510,16830,459778
2014-1-21,15:00:00,16835,16840,16350,16425,493972
2014-1-22,15:00:00,16370,16735,16310,16590,566314
2014-1-23,15:00:00,16590,16735,16405,16560,533002
2014-1-24,15:00:00,16415,16665,16365,16570,519560
2014-1-27,15:00:00,16380,16475,15930,15950,527686
2014-1-28,15:00:00,15920,16035,15560,15610,485924
2014-1-29,15:00:00,15690,15780,15585,15635,414048
2014-1-30,15:00:00,15620,15645,15320,15480,389136
2014-2-7,15:00:00,15375,15765,15285,15390,364196
2014-2-10,15:00:00,15490,15970,15475,15880,539634
2014-2-11,15:00:00,15855,15885,15740,15805,356072
2014-2-12,15:00:00,15880,15910,15580,15755,521414
2014-2-13,15:00:00,15770,15795,15555,15590,364488
2014-2-14,15:00:00,15605,15690,15535,15620,390240
2014-2-17,15:00:00,15700,16395,15700,16360,598168
2014-2-18,15:00:00,16385,16410,16025,16140,486424
2014-2-19,15:00:00,16225,16350,16100,16190,480120
2014-2-20,15:00:00,16155,16275,15535,15570,633766
2014-2-21,15:00:00,15640,15675,15480,15560,400782
2014-2-24,15:00:00,15500,15500,14805,14805,253844
2014-2-25,15:00:00,14795,14885,14535,14590,488162
2014-2-26,15:00:00,14510,14775,14505,14690,427400
2014-2-27,15:00:00,14610,14650,14225,14330,350236
2014-2-28,15:00:00,14850,15270,14810,14980,722550
2014-3-3,15:00:00,14980,15170,14815,14835,589802
2014-3-4,15:00:00,14975,15000,14470,14695,654724
2014-3-5,15:00:00,14875,15330,14830,15195,845150
2014-3-6,15:00:00,15050,15235,14920,15175,713000
2014-3-7,15:00:00,15240,15490,14850,14985,886234
2014-3-10,15:00:00,14400,14680,14375,14465,571660
2014-3-11,15:00:00,14595,15215,14560,15215,667976
2014-3-12,15:00:00,15020,15875,14950,15765,1134928
2014-3-13,15:00:00,15815,15855,15610,15840,666038
2014-3-14,15:00:00,15735,15830,15360,15740,847018
2014-3-17,15:00:00,15675,15780,14910,14985,923268
2014-3-18,15:00:00,15015,15195,14880,14915,834860
2014-3-19,15:00:00,15020,15445,14965,15260,1019314
2014-3-20,15:00:00,15455,15490,15070,15175,846500
2014-3-21,15:00:00,15150,15255,14830,15030,842978
2014-3-24,15:00:00,14950,15280,14610,15220,809610
2014-3-25,15:00:00,15215,15680,15135,15510,915924
2014-3-26,15:00:00,15520,15685,15415,15520,689174
2014-3-27,15:00:00,15315,15995,15285,15375,1163036
2014-3-28,15:00:00,15400,15765,15375,15680,932988
2014-3-31,15:00:00,15800,15945,15540,15745,781400
2014-4-1,15:00:00,15745,15845,15585,15785,629994
2014-4-2,15:00:00,15850,16155,15435,15530,754878
2014-4-3,15:00:00,15380,15525,15230,15425,909854
2014-4-4,15:00:00,15500,15550,15360,15450,612990
2014-4-8,15:00:00,15435,15855,15420,15745,704444
2014-4-9,15:00:00,15790,15850,15280,15325,811382
2014-4-10,15:00:00,15350,15415,14975,15115,1020040
2014-4-11,15:00:00,15120,15280,15010,15010,744648
2014-4-14,15:00:00,15000,15190,14735,14945,826724
2014-4-15,15:00:00,15000,15135,14865,15040,775368
2014-4-16,15:00:00,15020,15210,14980,15025,734474
2014-4-17,15:00:00,15060,15155,14755,14800,713464
2014-4-18,15:00:00,14765,14810,14200,14200,945504
2014-4-21,15:00:00,14115,14205,13915,13925,808044
2014-4-22,15:00:00,13945,14140,13865,14005,853846
2014-4-23,15:00:00,14060,14120,13755,14015,929162
2014-4-24,15:00:00,14045,14285,13990,14060,772904
2014-4-25,15:00:00,14180,14200,13935,14005,843602
2014-4-28,15:00:00,14000,14420,13895,14400,1029164
2014-4-29,15:00:00,14425,14795,14350,14550,934230
2014-4-30,15:00:00,14490,14520,14275,14340,580726
2014-5-5,15:00:00,14285,14470,14200,14365,586632
2014-5-6,15:00:00,14380,14380,14020,14085,556214
2014-5-7,15:00:00,13960,14120,13925,14090,635942
2014-5-8,15:00:00,14150,14175,13900,13915,662458
2014-5-9,15:00:00,13950,13975,13755,13770,643906
2014-5-12,15:00:00,13845,14215,13800,14070,755724
2014-5-13,15:00:00,14190,14190,13985,14140,611666
2014-5-14,15:00:00,14180,14410,14175,14305,578460
2014-5-15,15:00:00,14265,14365,14060,14100,592538
2014-5-16,15:00:00,14045,14080,13635,13820,722082
2014-5-19,15:00:00,13860,14550,13805,14550,935468
2014-5-20,15:00:00,14565,14595,14350,14490,771328
2014-5-21,15:00:00,14465,14670,14255,14285,827344
2014-5-22,15:00:00,14305,14475,14280,14375,670730
2014-5-23,15:00:00,14450,14640,14310,14440,770142
2014-5-26,15:00:00,14600,14815,14480,14735,693026
2014-5-27,15:00:00,14715,14765,14435,14530,595716
2014-5-28,15:00:00,14505,14555,14380,14480,549154
2014-5-29,15:00:00,14460,14670,14280,14300,657526
2014-5-30,15:00:00,14275,14355,14070,14125,623690
2014-6-3,15:00:00,14175,14375,14020,14105,558604
2014-6-4,15:00:00,14125,14205,14065,14105,472482
2014-6-5,15:00:00,14125,14280,13935,14210,622144
2014-6-6,15:00:00,14200,14280,14140,14200,471944
2014-6-9,15:00:00,14200,14415,14170,14240,581804
2014-6-10,15:00:00,14275,14320,14090,14270,519700
2014-6-11,15:00:00,14350,14420,14230,14360,602910
2014-6-12,15:00:00,14340,14365,14095,14115,502080
2014-6-13,15:00:00,14050,14500,14045,14390,721820
2014-6-16,15:00:00,14380,14460,14220,14255,470542
2014-6-17,15:00:00,14200,14355,14155,14315,530812
2014-6-18,15:00:00,14405,14430,14260,14350,535684
2014-6-19,15:00:00,14415,14775,14355,14535,821678
2014-6-20,15:00:00,14590,15020,14540,14965,775554
2014-6-23,15:00:00,15090,15400,15035,15305,707824
2014-6-24,15:00:00,15255,15300,15160,15285,457738
2014-6-25,15:00:00,15275,15355,15075,15220,515380
2014-6-26,15:00:00,15220,15445,15165,15360,499996
2014-6-27,15:00:00,15335,15335,15060,15140,420976
2014-6-30,15:00:00,15000,15070,14860,14885,392562
2014-7-1,15:00:00,15010,15065,14735,14860,403834
2014-7-2,15:00:00,14940,14940,14455,14815,541374
2014-7-3,15:00:00,14920,14950,14760,14790,430052
2014-7-4,15:00:00,14790,14865,14590,14645,434826
2014-7-7,15:00:00,14635,14645,13980,14000,531304
2014-7-8,15:00:00,14000,14120,13935,14010,375610
2014-7-9,15:00:00,13980,14145,13850,13970,418572
2014-7-10,15:00:00,13960,14025,13890,13930,304444
2014-7-11,15:00:00,13970,14045,13805,13905,356734
2014-7-14,15:00:00,13825,14110,13825,14010,252780
2014-7-15,15:00:00,14040,14080,13840,13990,275818
2014-7-16,15:00:00,13995,14130,13930,14045,239378
2014-7-17,15:00:00,14095,14260,14000,14235,291962
2014-7-18,15:00:00,14275,14305,14050,14065,260254
2014-7-21,15:00:00,14080,14080,13925,14050,171666
2014-7-22,15:00:00,14020,14230,13945,14130,205888
2014-7-23,15:00:00,15380,15495,15235,15490,435148
2014-7-24,15:00:00,15500,15895,15440,15700,713734
2014-7-25,15:00:00,15690,15765,15550,15715,442964
2014-7-28,15:00:00,15710,15800,15355,15605,627382
2014-7-29,15:00:00,15770,16140,15675,16035,741502
2014-7-30,15:00:00,15950,15960,15805,15825,501526
2014-7-31,15:00:00,15880,15880,15695,15795,467950
2014-8-1,15:00:00,15640,15640,15365,15485,491288
2014-8-4,15:00:00,15445,15665,15410,15615,380568
2014-8-5,15:00:00,15650,15670,15435,15480,433134
2014-8-6,15:00:00,15400,15610,15285,15435,417690
2014-8-7,15:00:00,15420,15620,15370,15560,406966
2014-8-8,15:00:00,15560,15705,15485,15530,336204
2014-8-11,15:00:00,15585,15630,15405,15410,372244
2014-8-12,15:00:00,15415,15440,15170,15190,438756
2014-8-13,15:00:00,15095,15280,15070,15140,394726
2014-8-14,15:00:00,15165,15220,14830,14925,490490
2014-8-15,15:00:00,14900,15020,14785,14855,400896
2014-8-18,15:00:00,14805,15065,14700,14910,433172
2014-8-19,15:00:00,14910,14995,14860,14980,345714
2014-8-20,15:00:00,14960,15040,14800,14965,431068
2014-8-21,15:00:00,15150,15150,14920,14970,407458
2014-8-22,15:00:00,14985,15190,14900,15105,456110
2014-8-25,15:00:00,15105,15150,15005,15015,287518
2014-8-26,15:00:00,14930,15000,14635,14765,510798
2014-8-27,15:00:00,14795,14875,14750,14835,351764
2014-8-28,15:00:00,14800,14820,14555,14640,407190
2014-8-29,15:00:00,14600,14675,14435,14490,451068
2014-9-1,15:00:00,14535,14535,14280,14315,393284
2014-9-2,15:00:00,14370,14570,14335,14460,411370
2014-9-3,15:00:00,14430,14510,14250,14345,472012
2014-9-4,15:00:00,14365,14535,14340,14470,371468
2014-9-5,15:00:00,14520,14550,14005,14100,592092
2014-9-9,15:00:00,14100,14100,13475,13530,545516
2014-9-10,15:00:00,13500,13680,13370,13480,530436
2014-9-11,15:00:00,13500,13515,13285,13410,522718
2014-9-12,15:00:00,13500,13630,13435,13520,438950
2014-9-15,15:00:00,13535,13630,13320,13565,457266
2014-9-16,15:00:00,13625,13745,13445,13545,437032
2014-9-17,15:00:00,13630,13670,13520,13580,346834
2014-9-18,15:00:00,13595,13655,13250,13325,485068
2014-9-19,15:00:00,13290,13380,12780,12835,651120
2014-9-22,15:00:00,12800,12800,12435,12435,330432
2014-9-23,15:00:00,12340,12435,12190,12210,605630
2014-9-24,15:00:00,12175,12370,12175,12275,425964
2014-9-25,15:00:00,12320,12395,11710,12060,928956
2014-9-26,15:00:00,12015,12545,11985,12415,814378
2014-9-29,15:00:00,12350,12415,11955,12120,591334
2014-9-30,15:00:00,12150,12650,12135,12220,723128
2014-10-8,15:00:00,12250,12730,11920,12580,726836
2014-10-9,15:00:00,12650,12745,12345,12580,630904
2014-10-10,15:00:00,12470,12520,12210,12295,647376
2014-10-13,15:00:00,12265,12820,12265,12650,758670
2014-10-14,15:00:00,12780,12880,12530,12650,597744
2014-10-15,15:00:00,12615,12715,12440,12630,636110
2014-10-16,15:00:00,12500,12535,12290,12480,619160
2014-10-17,15:00:00,12850,12960,12635,12705,536908
2014-10-20,15:00:00,12890,12900,12695,12765,403094
2014-10-21,15:00:00,12725,12900,12580,12815,481104
2014-10-22,15:00:00,12860,12880,12640,12880,476540
2014-10-23,15:00:00,12800,13305,12780,13230,866090
2014-10-24,15:00:00,13255,13375,13165,13375,465088
2014-10-27,15:00:00,13335,13335,12940,13080,580624
2014-10-28,15:00:00,13110,13295,13010,13215,546194
2014-10-29,15:00:00,13280,13515,13220,13490,671204
2014-10-30,15:00:00,13550,13580,13245,13325,563306
2014-10-31,15:00:00,13235,13475,13200,13310,558524
2014-11-3,15:00:00,13225,13270,13040,13155,460920
2014-11-4,15:00:00,13125,13190,12715,12840,611862
2014-11-5,15:00:00,12710,12745,12265,12265,537556
2014-11-6,15:00:00,12275,12365,12185,12300,447204
2014-11-7,15:00:00,12430,12785,12415,12615,640804
2014-11-10,15:00:00,12615,12825,12555,12695,389642
2014-11-11,15:00:00,12600,12780,12525,12655,453308
2014-11-12,15:00:00,12785,13145,12725,13015,581378
2014-11-13,15:00:00,13000,13110,12930,13045,375624
2014-11-14,15:00:00,12940,13140,12805,12935,506378
2014-11-17,15:00:00,13105,13305,12835,12885,478820
2014-11-18,15:00:00,12910,12915,12400,12515,495284
2014-11-19,15:00:00,12525,12810,12510,12715,417308
2014-11-20,15:00:00,12660,12995,12485,12835,512722
2014-11-21,15:00:00,13155,13215,12505,12670,931492
2014-11-24,15:00:00,12735,12795,12390,12725,601324
2014-11-25,15:00:00,12730,12845,12610,12845,548018
2014-11-26,15:00:00,12720,12880,12565,12620,644524
2014-11-27,15:00:00,12545,12945,12445,12800,713146
2014-11-28,15:00:00,12645,12800,12550,12730,630614
2014-12-1,15:00:00,12415,12460,12135,12350,597104
2014-12-2,15:00:00,12600,12800,12475,12550,464534
2014-12-3,15:00:00,12520,12570,12360,12515,501140
2014-12-4,15:00:00,12495,12970,12495,12680,674948
2014-12-5,15:00:00,12560,12710,12520,12615,484082
2014-12-8,15:00:00,12800,12820,12235,12300,642070
2014-12-9,15:00:00,12110,12300,11875,12285,571374
2014-12-10,15:00:00,12000,12280,11580,11965,876610
2014-12-11,15:00:00,11805,12090,11745,11910,514862
2014-12-12,15:00:00,11900,12330,11895,12235,580344
2014-12-15,15:00:00,12230,12550,12155,12455,535392
2014-12-16,15:00:00,12380,12455,12235,12445,448664
2014-12-17,15:00:00,12450,12725,12310,12440,627190
2014-12-18,15:00:00,12520,12695,12355,12440,543808
2014-12-19,15:00:00,12500,12590,12330,12430,385786
2014-12-22,15:00:00,12510,12600,12350,12380,430948
2014-12-23,15:00:00,12300,12475,12100,12170,439650
2014-12-24,15:00:00,12170,12360,12120,12320,394532
2014-12-25,15:00:00,12320,12550,12250,12550,414992
2014-12-26,15:00:00,12640,12640,12430,12520,334496
2014-12-29,15:00:00,12545,12805,12470,12710,453950
2014-12-30,15:00:00,12700,13315,12665,13315,668084
2014-12-31,15:00:00,13385,13740,13365,13590,610640
2015-1-5,15:00:00,13520,13525,13230,13365,459516
2015-1-6,15:00:00,13245,13765,13245,13625,658940
2015-1-7,15:00:00,13545,13690,13270,13350,647204
2015-1-8,15:00:00,13375,13400,13065,13200,592762
2015-1-9,15:00:00,13245,13470,12960,13250,695478
2015-1-12,15:00:00,13255,13480,13235,13285,563020
2015-1-13,15:00:00,13220,13220,12900,12920,559164
2015-1-14,15:00:00,12820,12960,12355,12425,793010
2015-1-15,15:00:00,12485,12725,12420,12625,523152
2015-1-16,15:00:00,12655,12915,12515,12650,587562
2015-1-19,15:00:00,12600,12815,12540,12750,543434
2015-1-20,15:00:00,12630,12870,12625,12675,440242
2015-1-21,15:00:00,12715,13080,12465,12985,679548
2015-1-22,15:00:00,12980,13420,12950,13215,683898
2015-1-23,15:00:00,13215,13285,13020,13190,529154
2015-1-26,15:00:00,13220,13320,12815,13070,667780
2015-1-27,15:00:00,13115,13445,13115,13320,618306
2015-1-28,15:00:00,13265,13450,13105,13280,584432
2015-1-29,15:00:00,13255,13320,13050,13145,426992
2015-1-30,15:00:00,13105,13245,12855,12875,482776
2015-2-2,15:00:00,12935,13315,12820,13255,514914
2015-2-3,15:00:00,13265,13415,13215,13280,452360
2015-2-4,15:00:00,13365,13820,13270,13500,669098
2015-2-5,15:00:00,13565,13575,13300,13325,479518
2015-2-6,15:00:00,13370,13750,13345,13745,518732
2015-2-9,15:00:00,13700,13945,13540,13680,468302
2015-2-10,15:00:00,13650,13710,13480,13560,350566
2015-2-11,15:00:00,13500,13720,13445,13650,331666
2015-2-12,15:00:00,13625,13710,13475,13620,344582
2015-2-13,15:00:00,13655,13995,13605,13925,486006
2015-2-16,15:00:00,13930,14150,13855,14090,384198
2015-2-17,15:00:00,14095,14150,13730,13875,331690
2015-2-25,15:00:00,13010,13235,13010,13135,84522
2015-2-26,15:00:00,13150,13605,13120,13575,197874
2015-2-27,15:00:00,13600,13635,13385,13440,198616
2015-3-2,15:00:00,13450,13595,13175,13250,357876
2015-3-3,15:00:00,13250,13295,12800,12895,329946
2015-3-4,15:00:00,12900,13135,12860,12935,353704
2015-3-5,15:00:00,12920,12965,12685,12810,366192
2015-3-6,15:00:00,12830,12920,12600,12700,367544
2015-3-9,15:00:00,12695,12885,12530,12815,428198
2015-3-10,15:00:00,12765,12815,12490,12490,414842
2015-3-11,15:00:00,12480,12855,12455,12705,446474
2015-3-12,15:00:00,12735,12915,12660,12865,358682
2015-3-13,15:00:00,12865,12890,12720,12735,363380
2015-3-16,15:00:00,12700,12705,12355,12580,370350
2015-3-17,15:00:00,12595,12715,12500,12555,403490
2015-3-18,15:00:00,12515,12590,12380,12495,381424
2015-3-19,15:00:00,12465,12670,12430,12540,329890
2015-3-20,15:00:00,12555,12630,12405,12560,389678
2015-3-23,15:00:00,12610,13080,12580,12990,587922
2015-3-24,15:00:00,13050,13270,12950,13050,554488
2015-3-25,15:00:00,13050,13095,12885,12930,438542
2015-3-26,15:00:00,12980,13215,12915,13065,498130
2015-3-27,15:00:00,13030,13095,12595,12815,557798
2015-3-30,15:00:00,12840,12840,12620,12640,410000
2015-3-31,15:00:00,12650,12750,12510,12540,383832
2015-4-1,15:00:00,12500,12715,12500,12595,327708
2015-4-2,15:00:00,12605,12880,12590,12770,410134
2015-4-3,15:00:00,12760,12840,12630,12775,361444
2015-4-7,15:00:00,12775,12990,12775,12880,270574
2015-4-8,15:00:00,12860,12920,12545,12630,471072
2015-4-9,15:00:00,12610,12620,12210,12300,446250
2015-4-10,15:00:00,12320,12375,12230,12350,290056
2015-4-13,15:00:00,12355,12780,12355,12655,436216
2015-4-14,15:00:00,12705,12725,12490,12670,346978
2015-4-15,15:00:00,12670,12815,12620,12645,393332
2015-4-16,15:00:00,12645,12885,12565,12760,403752
2015-4-17,15:00:00,12780,12880,12650,12725,455754
2015-4-20,15:00:00,12700,12840,12685,12715,315406
2015-4-21,15:00:00,12675,13240,12620,13230,645466
2015-4-22,15:00:00,13230,13320,13130,13225,407624
2015-4-23,15:00:00,13230,13580,13205,13335,590976
2015-4-24,15:00:00,13380,13470,13325,13460,350252
2015-4-27,15:00:00,13520,14195,13400,14195,565400
2015-4-28,15:00:00,14250,14575,14125,14280,753416
2015-4-29,15:00:00,14320,14350,13860,14060,631070
2015-4-30,15:00:00,14135,14525,14065,14470,666368
2015-5-4,15:00:00,14660,15220,14575,15005,646306
2015-5-5,15:00:00,15010,15125,14820,15005,578286
2015-5-6,15:00:00,15170,15170,14840,14995,657094
2015-5-7,15:00:00,15035,15255,14590,14705,708452
2015-5-8,15:00:00,14715,14825,14540,14650,600280
2015-5-11,15:00:00,14710,14890,14505,14760,537384
2015-5-12,15:00:00,14710,14865,14580,14630,535584
2015-5-13,15:00:00,14715,14860,14550,14710,516736
2015-5-14,15:00:00,14740,14770,14115,14240,544334
2015-5-15,15:00:00,14240,14405,14220,14320,399050
2015-5-18,15:00:00,14255,14630,14210,14485,514992
2015-5-19,15:00:00,14480,14530,14245,14340,428404
2015-5-20,15:00:00,14245,14245,13545,13615,652262
2015-5-21,15:00:00,13660,13910,13660,13810,435520
2015-5-22,15:00:00,13800,14050,13735,13895,436450
2015-5-25,15:00:00,13745,13965,13650,13955,426998
2015-5-26,15:00:00,14050,14595,14020,14370,707562
2015-5-27,15:00:00,14295,14570,14275,14550,540988
2015-5-28,15:00:00,14560,15150,14500,14700,862422
2015-5-29,15:00:00,14600,15015,14405,15010,704524
2015-6-1,15:00:00,15015,15245,14740,14750,782428
2015-6-2,15:00:00,14750,14995,14560,14730,673710
2015-6-3,15:00:00,14790,14870,14375,14385,545740
2015-6-4,15:00:00,14355,14490,14080,14490,623328
2015-6-5,15:00:00,14500,14560,14205,14350,526958
2015-6-8,15:00:00,14370,14530,14220,14275,426620
2015-6-9,15:00:00,14210,14435,14150,14275,397508
2015-6-10,15:00:00,14310,14470,14295,14425,367346
2015-6-11,15:00:00,14495,14625,14430,14485,386818
2015-6-12,15:00:00,14450,14515,13860,13885,442210
2015-6-15,15:00:00,13885,14005,13785,13895,335452
2015-6-16,15:00:00,13880,14130,13730,14015,394844
2015-6-17,15:00:00,14010,14055,13850,13900,381998
2015-6-18,15:00:00,14000,14035,13665,13685,391238
2015-6-19,15:00:00,13680,13890,13635,13725,332300
2015-6-23,15:00:00,13730,13955,13720,13880,235716
2015-6-24,15:00:00,13875,13945,13815,13835,205904
2015-6-25,15:00:00,13845,13850,13345,13370,399442
2015-6-26,15:00:00,13380,13495,13175,13380,340990
2015-6-29,15:00:00,13400,13475,13250,13330,303432
2015-6-30,15:00:00,13325,13345,12615,12800,443982
2015-7-1,15:00:00,12855,13415,12790,13225,348026
2015-7-2,15:00:00,13200,13360,13135,13305,262836
2015-7-3,15:00:00,13335,13550,13050,13215,316318
2015-7-6,15:00:00,13220,13240,12615,12735,374902
2015-7-7,15:00:00,12650,12890,12455,12515,362292
2015-7-8,15:00:00,12415,12470,11910,11910,141414
2015-7-9,15:00:00,11500,12590,10975,12235,798866
2015-7-10,15:00:00,12315,12575,12060,12165,560506
2015-7-13,15:00:00,12125,12275,11995,12150,334134
2015-7-14,15:00:00,12255,12425,12085,12120,282522
2015-7-15,15:00:00,12210,12295,12135,12205,184110
2015-7-16,15:00:00,13235,13390,12795,13335,633952
2015-7-17,15:00:00,13300,13450,13135,13220,401138
2015-7-20,15:00:00,13090,13375,13055,13275,427204
2015-7-21,15:00:00,13260,13485,13235,13480,427906
2015-7-22,15:00:00,13485,13635,13180,13275,507862
2015-7-23,15:00:00,13240,13370,13120,13295,470614
2015-7-24,15:00:00,13230,13335,12710,12720,529372
2015-7-27,15:00:00,12820,12870,12455,12455,505074
2015-7-28,15:00:00,12410,12765,12355,12660,494458
2015-7-29,15:00:00,12700,12945,12555,12695,515736
2015-7-30,15:00:00,12675,12880,12590,12695,443962
2015-7-31,15:00:00,12655,12820,12560,12620,443724
2015-8-3,15:00:00,12655,12800,12305,12415,579240
2015-8-4,15:00:00,12390,12450,11860,12290,730610
2015-8-5,15:00:00,12325,12405,12010,12255,567666
2015-8-6,15:00:00,12300,12330,12050,12080,462892
2015-8-7,15:00:00,12000,12150,11805,12110,679162
2015-8-10,15:00:00,12050,12260,11985,12250,486058
2015-8-11,15:00:00,12245,12535,12150,12175,635956
2015-8-12,15:00:00,12080,12330,11975,12310,666186
2015-8-13,15:00:00,12365,12580,12190,12490,651886
2015-8-14,15:00:00,12440,12475,12275,12280,463032
2015-8-17,15:00:00,12310,12430,12045,12150,467882
2015-8-18,15:00:00,12115,12210,11995,12025,464080
2015-8-19,15:00:00,11960,12085,11850,12075,535206
2015-8-20,15:00:00,12080,12150,11865,11880,440898
2015-8-21,15:00:00,11990,12125,11710,12035,588530
2015-8-24,15:00:00,12050,12125,11265,11320,726232
2015-8-25,15:00:00,11230,11530,11150,11295,734002
2015-8-26,15:00:00,11600,11650,11165,11170,556428
2015-8-27,15:00:00,11150,11470,11065,11440,530224
2015-8-28,15:00:00,11490,11900,11435,11565,624202
2015-8-31,15:00:00,11495,11665,11420,11430,477574
2015-9-1,15:00:00,11375,11530,11295,11450,450310
2015-9-2,15:00:00,11350,11450,11170,11220,423956
2015-9-7,15:00:00,11180,11510,11150,11410,477486
2015-9-8,15:00:00,11420,11600,11380,11600,533190
2015-9-9,15:00:00,11695,11865,11585,11625,975906
2015-9-10,15:00:00,11660,11780,11480,11765,758784
2015-9-11,15:00:00,11780,12080,11730,11860,1273490
2015-9-14,15:00:00,11800,11960,11650,11670,916200
2015-9-15,15:00:00,11630,11755,11490,11500,891642
2015-9-16,15:00:00,11545,11730,11515,11730,1049618
2015-9-17,15:00:00,11760,11875,11620,11645,1214810
2015-9-18,15:00:00,11615,11720,11545,11555,1033556
2015-9-21,15:00:00,11490,11645,11370,11640,771488
2015-9-22,15:00:00,11665,11685,11490,11495,699518
2015-9-23,15:00:00,11430,11520,11285,11490,832632
2015-9-24,15:00:00,11525,11545,11405,11500,622546
2015-9-25,15:00:00,11450,11695,11445,11665,817622
2015-9-28,15:00:00,11630,11750,11560,11580,394600
2015-9-29,15:00:00,11535,11535,11205,11255,726526
2015-9-30,15:00:00,11310,11360,11255,11280,404616
2015-10-8,15:00:00,11590,11720,11380,11390,384136
2015-10-9,15:00:00,11395,11860,11360,11855,911780
2015-10-12,15:00:00,11855,11910,11660,11800,948782
2015-10-13,15:00:00,11775,11835,11620,11820,670126
2015-10-14,15:00:00,11790,11880,11680,11710,797510
2015-10-15,15:00:00,11725,11975,11690,11725,1079734
2015-10-16,15:00:00,11720,11755,11605,11610,846904
2015-10-19,15:00:00,11610,11650,11355,11365,744708
2015-10-20,15:00:00,11330,11425,11295,11375,634182
2015-10-21,15:00:00,11390,11450,11125,11145,788790
2015-10-22,15:00:00,11130,11320,11090,11210,808910
2015-10-23,15:00:00,11245,11335,10980,11310,1201474
2015-10-26,15:00:00,11295,11300,10960,10980,906754
2015-10-27,15:00:00,10985,10985,10715,10805,912478
2015-10-28,15:00:00,10825,10880,10740,10830,648244
2015-10-29,15:00:00,10840,11055,10815,10920,682066
2015-10-30,15:00:00,10900,10965,10770,10810,578832
2015-11-2,15:00:00,10810,10985,10705,10890,547276
2015-11-3,15:00:00,10895,10920,10600,10615,598008
2015-11-4,15:00:00,10620,10735,10600,10705,556616
2015-11-5,15:00:00,10705,10810,10490,10540,651730
2015-11-6,15:00:00,10550,10585,10410,10545,712326
2015-11-9,15:00:00,10550,10565,10385,10500,615832
2015-11-10,15:00:00,10510,10745,10455,10740,742612
2015-11-11,15:00:00,10745,10830,10655,10675,815266
2015-11-12,15:00:00,10660,10825,10635,10760,647750
2015-11-13,15:00:00,10680,10970,10665,10870,620878
2015-11-16,15:00:00,10865,10910,10460,10520,642898
2015-11-17,15:00:00,10540,10590,10370,10520,640530
2015-11-18,15:00:00,10530,10540,10375,10480,443222
2015-11-19,15:00:00,10485,10515,10185,10300,493570
2015-11-20,15:00:00,10245,10465,10210,10340,452946
2015-11-23,15:00:00,10310,10430,10235,10395,479578
2015-11-24,15:00:00,9560,9805,9350,9675,435654
2015-11-25,15:00:00,9630,9920,9610,9845,564500
2015-11-26,15:00:00,9760,10350,9680,10105,854126
2015-11-27,15:00:00,10060,10325,9975,10020,619878
2015-11-30,15:00:00,10005,10035,9825,9880,528248
2015-12-1,15:00:00,9880,10285,9880,10155,794790
2015-12-2,15:00:00,10190,10485,10145,10385,792338
2015-12-3,15:00:00,10330,10380,10045,10220,813390
2015-12-4,15:00:00,10225,10375,10090,10190,808530
2015-12-7,15:00:00,10275,10510,10110,10465,876098
2015-12-8,15:00:00,10400,10430,10125,10200,760826
2015-12-9,15:00:00,10170,10350,10115,10205,734826
2015-12-10,15:00:00,10170,10280,9945,9960,902008
2015-12-11,15:00:00,9945,10245,9915,10235,896780
2015-12-14,15:00:00,10240,10240,10105,10230,768728
2015-12-15,15:00:00,10130,10365,10115,10120,885278
2015-12-16,15:00:00,10100,10220,10075,10180,645044
2015-12-17,15:00:00,10200,10340,10080,10105,800794
2015-12-18,15:00:00,10110,10275,10050,10270,731614
2015-12-21,15:00:00,10270,10755,10240,10755,950676
2015-12-22,15:00:00,10755,10780,10610,10695,702010
2015-12-23,15:00:00,10655,10715,10505,10665,692142
2015-12-24,15:00:00,10660,10810,10560,10590,856622
2015-12-25,15:00:00,10560,10670,10540,10630,457292
2015-12-28,15:00:00,10625,10685,10320,10335,628076
2015-12-29,15:00:00,10320,10540,10305,10520,596886
2015-12-30,15:00:00,10530,10725,10520,10610,722204
2015-12-31,15:00:00,10610,10680,10480,10540,614846
2016-1-4,15:00:00,10585,10600,10105,10160,682378
2016-1-5,15:00:00,10220,10230,10100,10190,634596
2016-1-6,15:00:00,10150,10225,10050,10070,664940
2016-1-7,15:00:00,10030,10150,9960,10080,784090
2016-1-8,15:00:00,10030,10190,9980,10090,688222
2016-1-11,15:00:00,10050,10145,9700,9700,787438
2016-1-12,15:00:00,9705,9780,9590,9640,663010
2016-1-13,15:00:00,9730,9905,9715,9850,771850
2016-1-14,15:00:00,9845,9925,9690,9885,701512
2016-1-15,15:00:00,9860,9960,9765,9795,672864
2016-1-18,15:00:00,9725,10190,9725,10150,894570
2016-1-19,15:00:00,10145,10400,10050,10345,813596
2016-1-20,15:00:00,10345,10385,10165,10265,673990
2016-1-21,15:00:00,10190,10300,10165,10200,691006
2016-1-22,15:00:00,10235,10420,10190,10385,747726
2016-1-25,15:00:00,10435,10495,10260,10320,583260
2016-1-26,15:00:00,10300,10325,10125,10155,554126
2016-1-27,15:00:00,10200,10415,10190,10400,573732
2016-1-28,15:00:00,10400,10415,10160,10190,515740
2016-1-29,15:00:00,10200,10320,10135,10210,590514
2016-2-1,15:00:00,10210,10340,10150,10190,554042
2016-2-2,15:00:00,10215,10235,10060,10200,565680
2016-2-3,15:00:00,10200,10220,10060,10155,469956
2016-2-4,15:00:00,10150,10385,10140,10335,520782
2016-2-5,15:00:00,10300,10315,10140,10195,342124
2016-2-15,15:00:00,10100,10540,10080,10530,528802
2016-2-16,15:00:00,10525,10655,10465,10535,565878
2016-2-17,15:00:00,10530,10575,10415,10450,427986
2016-2-18,15:00:00,10480,10600,10435,10470,467492
2016-2-19,15:00:00,10480,10635,10390,10615,591054
2016-2-22,15:00:00,10600,10835,10560,10705,628840
2016-2-23,15:00:00,10750,10810,10575,10645,526924
2016-2-24,15:00:00,10660,10695,10520,10585,532834
2016-2-25,15:00:00,10550,10800,10520,10540,717396
2016-2-26,15:00:00,10550,10585,10235,10360,779100
2016-2-29,15:00:00,10410,10475,10220,10280,728186
2016-3-1,15:00:00,10310,10400,10205,10355,671824
2016-3-2,15:00:00,10400,10655,10365,10560,794450
2016-3-3,15:00:00,10580,10760,10555,10675,714790
2016-3-4,15:00:00,10710,11310,10695,11310,1046478
2016-3-7,15:00:00,11425,12065,11415,11705,1230652
2016-3-8,15:00:00,11730,11970,11360,11610,1228004
2016-3-9,15:00:00,11580,11605,11120,11350,752776
2016-3-10,15:00:00,11365,11580,11135,11185,802798
2016-3-11,15:00:00,11165,11430,11125,11345,642000
2016-3-14,15:00:00,11375,11625,11270,11270,606240
2016-3-15,15:00:00,11270,11315,11030,11085,577988
2016-3-16,15:00:00,11080,11275,11060,11270,487330
2016-3-17,15:00:00,11585,11930,11555,11775,426434
2016-3-18,15:00:00,11795,12110,11695,11700,674960
2016-3-21,15:00:00,11790,12050,11640,11845,801300
2016-3-22,15:00:00,11900,11995,11755,11775,679382
2016-3-23,15:00:00,11800,11930,11550,11550,696086
2016-3-24,15:00:00,11550,11660,11420,11505,791522
2016-3-25,15:00:00,11490,11720,11470,11710,565170
2016-3-28,15:00:00,11745,11930,11530,11540,734200
2016-3-29,15:00:00,11550,11680,11270,11310,800266
2016-3-30,15:00:00,11335,11450,11250,11370,717530
2016-3-31,15:00:00,11385,11495,11140,11370,788474
2016-4-1,15:00:00,11400,11555,11350,11440,706596
2016-4-5,15:00:00,11405,11725,11315,11720,649868
2016-4-6,15:00:00,11700,11765,11535,11615,754984
2016-4-7,15:00:00,11550,11735,11550,11590,606462
2016-4-8,15:00:00,11540,11660,11430,11650,771198
2016-4-11,15:00:00,11710,12220,11710,12220,1113094
2016-4-12,15:00:00,12310,12430,12110,12425,885342
2016-4-13,15:00:00,12500,12945,12385,12525,1265352
2016-4-14,15:00:00,12480,12710,12475,12550,804540
2016-4-15,15:00:00,12580,12740,12310,12350,904940
2016-4-18,15:00:00,12320,12715,12265,12510,892652
2016-4-19,15:00:00,12570,12860,12470,12740,1080744
2016-4-20,15:00:00,12710,13290,12640,13170,1621426
2016-4-21,15:00:00,13130,13670,12950,13445,1390618
2016-4-22,15:00:00,13305,13475,12720,12930,1254392
2016-4-25,15:00:00,12960,13445,12830,13055,996268
2016-4-26,15:00:00,13065,13175,12870,13015,844072
2016-4-27,15:00:00,13055,13245,12745,12945,989580
2016-4-28,15:00:00,13000,13020,12590,12710,896656
2016-4-29,15:00:00,12730,12905,12670,12755,687952
2016-5-3,15:00:00,12600,13040,12560,13000,637296
2016-5-4,15:00:00,12960,13035,12620,12725,735482
2016-5-5,15:00:00,12745,12825,12360,12360,805118
2016-5-6,15:00:00,12435,12460,12155,12260,796520
2016-5-9,15:00:00,12290,12415,11690,11785,1046986
2016-5-10,15:00:00,11750,11960,11670,11895,801594
2016-5-11,15:00:00,11905,12030,11735,11875,759224
2016-5-12,15:00:00,11905,12010,11660,11800,899328
2016-5-13,15:00:00,11795,11820,11155,11245,1018986
2016-5-16,15:00:00,11215,11370,11110,11240,697416
2016-5-17,15:00:00,11265,11390,11230,11355,590762
2016-5-18,15:00:00,11320,11480,11035,11100,884950
2016-5-19,15:00:00,11100,11180,10810,10845,802596
2016-5-20,15:00:00,10795,10955,10760,10860,641670
2016-5-23,15:00:00,10875,10920,10210,10295,890038
2016-5-24,15:00:00,10320,10395,10225,10330,540920
2016-5-25,15:00:00,10440,10450,10185,10255,622680
2016-5-26,15:00:00,10320,10610,10270,10600,702878
2016-5-27,15:00:00,10600,10685,10325,10535,833422
2016-5-30,15:00:00,10510,10625,10390,10555,653852
2016-5-31,15:00:00,10595,10700,10445,10455,707822
2016-6-1,15:00:00,10420,10460,10200,10245,662828
2016-6-2,15:00:00,10240,10470,10160,10445,622626
2016-6-3,15:00:00,10415,10575,10400,10515,604786
2016-6-6,15:00:00,10595,10730,10470,10705,644022
2016-6-7,15:00:00,10710,10750,10515,10560,536642
2016-6-8,15:00:00,10550,10575,10300,10455,618652
2016-6-13,15:00:00,10355,10660,10280,10535,538800
2016-6-14,15:00:00,10500,10700,10350,10355,718564
2016-6-15,15:00:00,10355,10465,10315,10410,562794
2016-6-16,15:00:00,10460,10595,10425,10500,623540
2016-6-17,15:00:00,10490,10940,10320,10935,1034276
2016-6-20,15:00:00,10945,11025,10860,10975,733772
2016-6-21,15:00:00,10985,11085,10770,10835,690966
2016-6-22,15:00:00,10805,11160,10800,11150,661248
2016-6-23,15:00:00,11165,11195,10960,11035,613858
2016-6-24,15:00:00,11100,11145,10780,10845,880730
2016-6-27,15:00:00,10860,11355,10855,11270,791246
2016-6-28,15:00:00,11210,11405,11110,11310,766214
2016-6-29,15:00:00,11360,11425,11160,11250,716572
2016-6-30,15:00:00,11230,11520,11210,11425,786070
2016-7-1,15:00:00,11410,11620,11305,11450,770478
2016-7-4,15:00:00,11445,12130,11435,12075,960566
2016-7-5,15:00:00,12100,12210,11590,11840,873444
2016-7-6,15:00:00,11800,11955,11170,11170,897476
2016-7-7,15:00:00,11060,11375,10975,10985,755692
2016-7-8,15:00:00,11010,11130,10540,10680,763910
2016-7-11,15:00:00,10780,10960,10615,10880,584888
2016-7-12,15:00:00,10930,11100,10810,11000,707402
2016-7-13,15:00:00,11065,11495,10965,11140,988942
2016-7-14,15:00:00,11190,11250,10875,11210,785032
2016-7-15,15:00:00,11450,11540,11250,11405,917242
2016-7-18,15:00:00,11465,11475,11100,11185,661324
2016-7-19,15:00:00,11130,11380,11035,11355,755998
2016-7-20,15:00:00,11360,11660,11310,11445,920826
2016-7-21,15:00:00,11435,11715,11330,11630,761156
2016-7-22,15:00:00,11600,11695,11400,11420,603388
2016-7-25,15:00:00,11430,11490,11060,11175,690816
2016-7-26,15:00:00,11120,11185,10955,11145,590852
2016-7-27,15:00:00,11140,11340,11105,11180,545148
2016-7-28,15:00:00,11250,11320,11075,11255,559444
2016-7-29,15:00:00,11270,11310,10800,10845,602076
2016-8-1,15:00:00,10875,11055,10815,10985,397280
2016-8-2,15:00:00,10950,10995,10835,10930,265048
2016-8-3,15:00:00,12700,12925,12620,12665,568464
2016-8-4,15:00:00,12700,12770,12360,12535,608516
2016-8-5,15:00:00,12510,12800,12475,12700,576574
2016-8-8,15:00:00,12695,13010,12635,12810,689138
2016-8-9,15:00:00,12840,12955,12340,12615,717286
2016-8-10,15:00:00,12595,12720,12520,12660,547046
2016-8-11,15:00:00,12710,12780,12565,12690,545318
2016-8-12,15:00:00,12680,13075,12680,13035,753024
2016-8-15,15:00:00,12985,13190,12850,13140,692068
2016-8-16,15:00:00,13135,13240,13005,13100,661448
2016-8-17,15:00:00,13100,13255,13045,13065,629406
2016-8-18,15:00:00,13090,13115,12850,12975,584956
2016-8-19,15:00:00,13010,13190,12975,13085,608632
2016-8-22,15:00:00,13065,13085,12620,12630,640404
2016-8-23,15:00:00,12600,12730,12525,12530,420084
2016-8-24,15:00:00,12535,12705,12530,12615,384478
2016-8-25,15:00:00,12640,12670,12190,12315,618014
2016-8-26,15:00:00,12330,12375,12245,12300,391206
2016-8-29,15:00:00,12345,12410,12135,12355,486948
2016-8-30,15:00:00,12345,12495,12240,12260,494962
2016-8-31,15:00:00,12270,12315,12010,12055,562984
2016-9-1,15:00:00,12020,12400,12020,12375,533510
2016-9-2,15:00:00,12375,12530,12335,12390,477010
2016-9-5,15:00:00,12435,12650,12390,12570,409020
2016-9-6,15:00:00,12595,12595,12435,12580,364774
2016-9-7,15:00:00,12525,12700,12450,12645,540234
2016-9-8,15:00:00,12665,12810,12570,12775,480908
2016-9-9,15:00:00,12750,12860,12710,12775,439644
2016-9-12,15:00:00,12745,12760,12330,12360,565118
2016-9-13,15:00:00,12390,12495,12350,12440,349844
2016-9-14,15:00:00,12490,12595,12390,12530,416298
2016-9-19,15:00:00,12605,13025,12405,13010,531074
2016-9-20,15:00:00,13020,13250,13000,13225,614596
2016-9-21,15:00:00,13280,13300,13115,13225,433294
2016-9-22,15:00:00,13240,13675,13150,13475,809414
2016-9-23,15:00:00,13510,13585,13350,13550,513792
2016-9-26,15:00:00,13535,13600,13310,13450,493918
2016-9-27,15:00:00,13380,13400,13105,13295,559048
2016-9-28,15:00:00,13245,13540,13185,13460,660858
2016-9-29,15:00:00,13440,13800,13275,13325,761750
2016-9-30,15:00:00,13325,13370,13175,13255,409922
2016-10-10,15:00:00,13600,13920,13475,13835,503364
2016-10-11,15:00:00,13865,14245,13850,14205,672820
2016-10-12,15:00:00,14100,14295,14060,14165,497472
2016-10-13,15:00:00,14105,14255,13925,14025,622646
2016-10-14,15:00:00,13980,14520,13945,14385,678166
2016-10-17,15:00:00,14405,14535,14235,14300,596490
2016-10-18,15:00:00,14300,14370,14130,14340,552662
2016-10-19,15:00:00,14330,14360,13605,13760,785038
2016-10-20,15:00:00,13765,13900,13720,13795,514844
2016-10-21,15:00:00,13790,13825,13455,13660,549628
2016-10-24,15:00:00,13700,14010,13665,13905,535214
2016-10-25,15:00:00,13925,14305,13910,13985,642340
2016-10-26,15:00:00,14015,14070,13585,14020,717604
2016-10-27,15:00:00,13980,14255,13800,14155,852286
2016-10-28,15:00:00,14190,14425,14055,14155,754884
